2026-08-08 16:43:39 [main] INFO  com.mcotools.mco.McoApplication - Starting McoApplication using Java 23.0.2 with PID 26196 (C:\Users\zizom\OneDrive\Escritorio\MCOtools\mco\target\classes started by mouad in C:\Users\zizom\OneDrive\Escritorio\MCOtools\mco)
2026-08-08 16:43:39 [main] DEBUG com.mcotools.mco.McoApplication - Running with Spring Boot v4.1.0, Spring v7.0.8
2026-08-08 16:43:39 [main] INFO  com.mcotools.mco.McoApplication - No active profile set, falling back to 1 default profile: "default"
2026-08-08 16:43:42 [main] WARN  o.s.b.j.a.JpaBaseConfiguration$JpaWebConfiguration - spring.jpa.open-in-view is enabled by default. Therefore, database queries may be performed during view rendering. Explicitly configure spring.jpa.open-in-view to disable this warning
2026-08-08 16:43:43 [main] INFO  com.mcotools.mco.McoApplication - Started McoApplication in 3.847 seconds (process running for 4.193)
2026-08-08 16:43:43 [main] INFO  com.mcotools.mco.McoApplication - Service mco demarre avec succes
2026-08-08 16:44:11 [http-nio-8082-exec-1] INFO  o.s.web.servlet.DispatcherServlet - Initializing Servlet 'dispatcherServlet'
2026-08-08 16:44:11 [http-nio-8082-exec-1] INFO  o.s.web.servlet.DispatcherServlet - Completed initialization in 0 ms
2026-08-08 16:44:11 [http-nio-8082-exec-1] DEBUG c.m.controller.RequestController - POST /api/requests - creation demandee: depositId=2561751753Y
2026-08-08 16:44:11 [http-nio-8082-exec-1] WARN  c.m.controller.RequestController - Deposit 2561751753Y inconnu, creation d'un deposit squelette pour satisfaire la contrainte
2026-08-08 16:44:11 [http-nio-8082-exec-1] INFO  c.m.controller.RequestController - POST /api/requests - request cree avec id=174406418
2026-08-08 16:44:11 [http-nio-8082-exec-2] DEBUG c.m.controller.RequestController - POST /api/requests - creation demandee: depositId=2561751753Y
2026-08-08 16:44:11 [http-nio-8082-exec-2] WARN  org.hibernate.orm.core - HHH000502: The [deposit] property of the [com.mcotools.models.Request] entity was modified, but it won't be updated because the property is immutable.
2026-08-08 16:44:11 [http-nio-8082-exec-2] INFO  c.m.controller.RequestController - POST /api/requests - request cree avec id=174406418
2026-08-08 16:44:11 [http-nio-8082-exec-3] DEBUG c.m.controller.RequestController - POST /api/requests - creation demandee: depositId=2561751274J
2026-08-08 16:44:11 [http-nio-8082-exec-3] WARN  c.m.controller.RequestController - Deposit 2561751274J inconnu, creation d'un deposit squelette pour satisfaire la contrainte
2026-08-08 16:44:11 [http-nio-8082-exec-3] INFO  c.m.controller.RequestController - POST /api/requests - request cree avec id=174393740
2026-08-08 16:44:11 [http-nio-8082-exec-4] DEBUG c.m.controller.RequestController - POST /api/requests - creation demandee: depositId=2561751411X
2026-08-08 16:44:11 [http-nio-8082-exec-4] WARN  c.m.controller.RequestController - Deposit 2561751411X inconnu, creation d'un deposit squelette pour satisfaire la contrainte
2026-08-08 16:44:11 [http-nio-8082-exec-4] INFO  c.m.controller.RequestController - POST /api/requests - request cree avec id=174397339
2026-08-08 16:44:11 [http-nio-8082-exec-6] DEBUG c.m.controller.RequestController - POST /api/requests - creation demandee: depositId=2561751123D
2026-08-08 16:44:11 [http-nio-8082-exec-6] WARN  c.m.controller.RequestController - Deposit 2561751123D inconnu, creation d'un deposit squelette pour satisfaire la contrainte
2026-08-08 16:44:11 [http-nio-8082-exec-6] INFO  c.m.controller.RequestController - POST /api/requests - request cree avec id=174389870
2026-08-08 16:44:11 [http-nio-8082-exec-7] DEBUG c.m.controller.RequestController - POST /api/requests - creation demandee: depositId=2561740763E
2026-08-08 16:44:11 [http-nio-8082-exec-7] WARN  c.m.controller.RequestController - Deposit 2561740763E inconnu, creation d'un deposit squelette pour satisfaire la contrainte
2026-08-08 16:44:11 [http-nio-8082-exec-7] INFO  c.m.controller.RequestController - POST /api/requests - request cree avec id=174318868
2026-08-08 16:44:11 [http-nio-8082-exec-5] DEBUG c.m.controller.RequestController - POST /api/requests - creation demandee: depositId=2561740763I
2026-08-08 16:44:11 [http-nio-8082-exec-5] WARN  c.m.controller.RequestController - Deposit 2561740763I inconnu, creation d'un deposit squelette pour satisfaire la contrainte
2026-08-08 16:44:11 [http-nio-8082-exec-5] INFO  c.m.controller.RequestController - POST /api/requests - request cree avec id=174318872
2026-08-08 16:44:11 [http-nio-8082-exec-9] DEBUG c.m.controller.RequestController - POST /api/requests - creation demandee: depositId=2561751450C
2026-08-08 16:44:11 [http-nio-8082-exec-9] WARN  c.m.controller.RequestController - Deposit 2561751450C inconnu, creation d'un deposit squelette pour satisfaire la contrainte
2026-08-08 16:44:11 [http-nio-8082-exec-9] INFO  c.m.controller.RequestController - POST /api/requests - request cree avec id=174398328
2026-08-08 16:44:11 [http-nio-8082-exec-8] DEBUG c.m.controller.RequestController - POST /api/requests - creation demandee: depositId=2561751604S
2026-08-08 16:44:11 [http-nio-8082-exec-8] WARN  c.m.controller.RequestController - Deposit 2561751604S inconnu, creation d'un deposit squelette pour satisfaire la contrainte
2026-08-08 16:44:11 [http-nio-8082-exec-8] INFO  c.m.controller.RequestController - POST /api/requests - request cree avec id=174402358
2026-08-08 16:44:11 [http-nio-8082-exec-10] DEBUG c.m.controller.RequestController - POST /api/requests - creation demandee: depositId=2561751286N
2026-08-08 16:44:11 [http-nio-8082-exec-10] WARN  c.m.controller.RequestController - Deposit 2561751286N inconnu, creation d'un deposit squelette pour satisfaire la contrainte
2026-08-08 16:44:11 [http-nio-8082-exec-10] INFO  c.m.controller.RequestController - POST /api/requests - request cree avec id=174394055
2026-08-08 16:44:11 [http-nio-8082-exec-1] DEBUG c.m.controller.RequestController - POST /api/requests - creation demandee: depositId=2561751170M
2026-08-08 16:44:11 [http-nio-8082-exec-1] WARN  c.m.controller.RequestController - Deposit 2561751170M inconnu, creation d'un deposit squelette pour satisfaire la contrainte
2026-08-08 16:44:11 [http-nio-8082-exec-1] INFO  c.m.controller.RequestController - POST /api/requests - request cree avec id=174391083
2026-08-08 16:44:11 [http-nio-8082-exec-2] DEBUG c.m.controller.RequestController - POST /api/requests - creation demandee: depositId=2561751417I
2026-08-08 16:44:11 [http-nio-8082-exec-2] WARN  c.m.controller.RequestController - Deposit 2561751417I inconnu, creation d'un deposit squelette pour satisfaire la contrainte
2026-08-08 16:44:11 [http-nio-8082-exec-2] INFO  c.m.controller.RequestController - POST /api/requests - request cree avec id=174397468
2026-08-08 16:44:11 [http-nio-8082-exec-3] DEBUG c.m.controller.RequestController - POST /api/requests - creation demandee: depositId=2561751627B
2026-08-08 16:44:11 [http-nio-8082-exec-3] WARN  c.m.controller.RequestController - Deposit 2561751627B inconnu, creation d'un deposit squelette pour satisfaire la contrainte
2026-08-08 16:44:11 [http-nio-8082-exec-3] INFO  c.m.controller.RequestController - POST /api/requests - request cree avec id=174402939
2026-08-08 16:44:11 [http-nio-8082-exec-4] DEBUG c.m.controller.RequestController - POST /api/requests - creation demandee: depositId=2561751751D
2026-08-08 16:44:11 [http-nio-8082-exec-4] WARN  c.m.controller.RequestController - Deposit 2561751751D inconnu, creation d'un deposit squelette pour satisfaire la contrainte
2026-08-08 16:44:11 [http-nio-8082-exec-4] INFO  c.m.controller.RequestController - POST /api/requests - request cree avec id=174405930
2026-08-08 16:44:12 [http-nio-8082-exec-6] DEBUG c.m.controller.RequestController - POST /api/requests - creation demandee: depositId=2561751359L
2026-08-08 16:44:12 [http-nio-8082-exec-6] WARN  c.m.controller.RequestController - Deposit 2561751359L inconnu, creation d'un deposit squelette pour satisfaire la contrainte
2026-08-08 16:44:12 [http-nio-8082-exec-6] INFO  c.m.controller.RequestController - POST /api/requests - request cree avec id=174395967
2026-08-08 16:44:12 [http-nio-8082-exec-7] DEBUG c.m.controller.RequestController - POST /api/requests - creation demandee: depositId=2561752021O
2026-08-08 16:44:12 [http-nio-8082-exec-7] WARN  c.m.controller.RequestController - Deposit 2561752021O inconnu, creation d'un deposit squelette pour satisfaire la contrainte
2026-08-08 16:44:12 [http-nio-8082-exec-7] INFO  c.m.controller.RequestController - POST /api/requests - request cree avec id=174413342
2026-08-08 16:44:12 [http-nio-8082-exec-5] DEBUG c.m.controller.RequestController - POST /api/requests - creation demandee: depositId=2561742190U
2026-08-08 16:44:12 [http-nio-8082-exec-5] WARN  c.m.controller.RequestController - Deposit 2561742190U inconnu, creation d'un deposit squelette pour satisfaire la contrainte
2026-08-08 16:44:12 [http-nio-8082-exec-5] INFO  c.m.controller.RequestController - POST /api/requests - request cree avec id=174358548
2026-08-08 16:44:12 [http-nio-8082-exec-9] DEBUG c.m.controller.RequestController - POST /api/requests - creation demandee: depositId=2561751362C
2026-08-08 16:44:12 [http-nio-8082-exec-9] WARN  c.m.controller.RequestController - Deposit 2561751362C inconnu, creation d'un deposit squelette pour satisfaire la contrainte
2026-08-08 16:44:12 [http-nio-8082-exec-9] INFO  c.m.controller.RequestController - POST /api/requests - request cree avec id=174396035
2026-08-08 16:44:12 [http-nio-8082-exec-8] DEBUG c.m.controller.RequestController - POST /api/requests - creation demandee: depositId=2561751365D
2026-08-08 16:44:12 [http-nio-8082-exec-8] WARN  c.m.controller.RequestController - Deposit 2561751365D inconnu, creation d'un deposit squelette pour satisfaire la contrainte
2026-08-08 16:44:12 [http-nio-8082-exec-8] INFO  c.m.controller.RequestController - POST /api/requests - request cree avec id=174396104
2026-08-08 16:44:12 [http-nio-8082-exec-10] DEBUG c.m.controller.RequestController - POST /api/requests - creation demandee: depositId=2561751352A
2026-08-08 16:44:12 [http-nio-8082-exec-10] WARN  c.m.controller.RequestController - Deposit 2561751352A inconnu, creation d'un deposit squelette pour satisfaire la contrainte
2026-08-08 16:44:12 [http-nio-8082-exec-10] INFO  c.m.controller.RequestController - POST /api/requests - request cree avec id=174395773
2026-08-08 16:44:12 [http-nio-8082-exec-1] DEBUG c.m.controller.RequestController - POST /api/requests - creation demandee: depositId=2561751371Z
2026-08-08 16:44:12 [http-nio-8082-exec-1] WARN  c.m.controller.RequestController - Deposit 2561751371Z inconnu, creation d'un deposit squelette pour satisfaire la contrainte
2026-08-08 16:44:12 [http-nio-8082-exec-1] INFO  c.m.controller.RequestController - POST /api/requests - request cree avec id=174396282
2026-08-08 16:44:12 [http-nio-8082-exec-2] DEBUG c.m.controller.RequestController - POST /api/requests - creation demandee: depositId=2561751373L
2026-08-08 16:44:12 [http-nio-8082-exec-2] WARN  c.m.controller.RequestController - Deposit 2561751373L inconnu, creation d'un deposit squelette pour satisfaire la contrainte
2026-08-08 16:44:12 [http-nio-8082-exec-2] INFO  c.m.controller.RequestController - POST /api/requests - request cree avec id=174396320
2026-08-08 16:44:12 [http-nio-8082-exec-3] DEBUG c.m.controller.RequestController - POST /api/requests - creation demandee: depositId=2561760065U
2026-08-08 16:44:12 [http-nio-8082-exec-3] WARN  c.m.controller.RequestController - Deposit 2561760065U inconnu, creation d'un deposit squelette pour satisfaire la contrainte
2026-08-08 16:44:12 [http-nio-8082-exec-3] INFO  c.m.controller.RequestController - POST /api/requests - request cree avec id=174415645
2026-08-08 16:44:12 [http-nio-8082-exec-4] DEBUG c.m.controller.RequestController - POST /api/requests - creation demandee: depositId=2561760066F
2026-08-08 16:44:12 [http-nio-8082-exec-4] WARN  c.m.controller.RequestController - Deposit 2561760066F inconnu, creation d'un deposit squelette pour satisfaire la contrainte
2026-08-08 16:44:12 [http-nio-8082-exec-4] INFO  c.m.controller.RequestController - POST /api/requests - request cree avec id=174415656
2026-08-08 16:44:12 [http-nio-8082-exec-6] DEBUG c.m.controller.RequestController - POST /api/requests - creation demandee: depositId=2561760066L
2026-08-08 16:44:12 [http-nio-8082-exec-6] WARN  c.m.controller.RequestController - Deposit 2561760066L inconnu, creation d'un deposit squelette pour satisfaire la contrainte
2026-08-08 16:44:12 [http-nio-8082-exec-6] INFO  c.m.controller.RequestController - POST /api/requests - request cree avec id=174415662
2026-08-08 16:44:12 [http-nio-8082-exec-7] DEBUG c.m.controller.RequestController - POST /api/requests - creation demandee: depositId=2561760066U
2026-08-08 16:44:12 [http-nio-8082-exec-7] WARN  c.m.controller.RequestController - Deposit 2561760066U inconnu, creation d'un deposit squelette pour satisfaire la contrainte
2026-08-08 16:44:12 [http-nio-8082-exec-7] INFO  c.m.controller.RequestController - POST /api/requests - request cree avec id=174415671
2026-08-08 16:44:12 [http-nio-8082-exec-5] DEBUG c.m.controller.RequestController - POST /api/requests - creation demandee: depositId=2561760155Y
2026-08-08 16:44:12 [http-nio-8082-exec-5] WARN  c.m.controller.RequestController - Deposit 2561760155Y inconnu, creation d'un deposit squelette pour satisfaire la contrainte
2026-08-08 16:44:12 [http-nio-8082-exec-5] INFO  c.m.controller.RequestController - POST /api/requests - request cree avec id=174417874
2026-08-08 16:44:12 [http-nio-8082-exec-9] DEBUG c.m.controller.RequestController - POST /api/requests - creation demandee: depositId=2561742175D
2026-08-08 16:44:12 [http-nio-8082-exec-9] WARN  c.m.controller.RequestController - Deposit 2561742175D inconnu, creation d'un deposit squelette pour satisfaire la contrainte
2026-08-08 16:44:12 [http-nio-8082-exec-9] INFO  c.m.controller.RequestController - POST /api/requests - request cree avec id=174358140
2026-08-08 16:44:12 [http-nio-8082-exec-8] DEBUG c.m.controller.RequestController - POST /api/requests - creation demandee: depositId=2561742177O
2026-08-08 16:44:12 [http-nio-8082-exec-8] WARN  c.m.controller.RequestController - Deposit 2561742177O inconnu, creation d'un deposit squelette pour satisfaire la contrainte
2026-08-08 16:44:12 [http-nio-8082-exec-8] INFO  c.m.controller.RequestController - POST /api/requests - request cree avec id=174358203
2026-08-08 16:44:12 [http-nio-8082-exec-10] DEBUG c.m.controller.RequestController - POST /api/requests - creation demandee: depositId=2561742256G
2026-08-08 16:44:12 [http-nio-8082-exec-10] WARN  c.m.controller.RequestController - Deposit 2561742256G inconnu, creation d'un deposit squelette pour satisfaire la contrainte
2026-08-08 16:44:12 [http-nio-8082-exec-10] INFO  c.m.controller.RequestController - POST /api/requests - request cree avec id=174360247
2026-08-08 16:44:12 [http-nio-8082-exec-1] DEBUG c.m.controller.RequestController - POST /api/requests - creation demandee: depositId=2561742258H
2026-08-08 16:44:12 [http-nio-8082-exec-1] WARN  c.m.controller.RequestController - Deposit 2561742258H inconnu, creation d'un deposit squelette pour satisfaire la contrainte
2026-08-08 16:44:12 [http-nio-8082-exec-1] INFO  c.m.controller.RequestController - POST /api/requests - request cree avec id=174360299
2026-08-08 16:44:12 [http-nio-8082-exec-2] DEBUG c.m.controller.RequestController - POST /api/requests - creation demandee: depositId=2561750373M
2026-08-08 16:44:12 [http-nio-8082-exec-2] WARN  c.m.controller.RequestController - Deposit 2561750373M inconnu, creation d'un deposit squelette pour satisfaire la contrainte
2026-08-08 16:44:12 [http-nio-8082-exec-2] INFO  c.m.controller.RequestController - POST /api/requests - request cree avec id=174370213
2026-08-08 16:44:12 [http-nio-8082-exec-3] DEBUG c.m.controller.RequestController - POST /api/requests - creation demandee: depositId=2561760153G
2026-08-08 16:44:12 [http-nio-8082-exec-3] WARN  c.m.controller.RequestController - Deposit 2561760153G inconnu, creation d'un deposit squelette pour satisfaire la contrainte
2026-08-08 16:44:12 [http-nio-8082-exec-3] INFO  c.m.controller.RequestController - POST /api/requests - request cree avec id=174417789
2026-08-08 16:44:12 [http-nio-8082-exec-4] DEBUG c.m.controller.RequestController - POST /api/requests - creation demandee: depositId=2561760184F
2026-08-08 16:44:12 [http-nio-8082-exec-4] WARN  c.m.controller.RequestController - Deposit 2561760184F inconnu, creation d'un deposit squelette pour satisfaire la contrainte
2026-08-08 16:44:12 [http-nio-8082-exec-4] INFO  c.m.controller.RequestController - POST /api/requests - request cree avec id=174418591
2026-08-08 16:44:12 [http-nio-8082-exec-6] DEBUG c.m.controller.RequestController - POST /api/requests - creation demandee: depositId=2561760185G
2026-08-08 16:44:12 [http-nio-8082-exec-6] WARN  c.m.controller.RequestController - Deposit 2561760185G inconnu, creation d'un deposit squelette pour satisfaire la contrainte
2026-08-08 16:44:12 [http-nio-8082-exec-6] INFO  c.m.controller.RequestController - POST /api/requests - request cree avec id=174418618
2026-08-08 16:44:12 [http-nio-8082-exec-7] DEBUG c.m.controller.RequestController - POST /api/requests - creation demandee: depositId=2561760152E
2026-08-08 16:44:12 [http-nio-8082-exec-7] WARN  c.m.controller.RequestController - Deposit 2561760152E inconnu, creation d'un deposit squelette pour satisfaire la contrainte
2026-08-08 16:44:12 [http-nio-8082-exec-7] INFO  c.m.controller.RequestController - POST /api/requests - request cree avec id=174417761
2026-08-08 16:44:12 [http-nio-8082-exec-5] DEBUG c.m.controller.RequestController - POST /api/requests - creation demandee: depositId=2561760152H
2026-08-08 16:44:12 [http-nio-8082-exec-5] WARN  c.m.controller.RequestController - Deposit 2561760152H inconnu, creation d'un deposit squelette pour satisfaire la contrainte
2026-08-08 16:44:12 [http-nio-8082-exec-5] INFO  c.m.controller.RequestController - POST /api/requests - request cree avec id=174417764
2026-08-08 16:44:12 [http-nio-8082-exec-9] DEBUG c.m.controller.RequestController - POST /api/requests - creation demandee: depositId=2561760152I
2026-08-08 16:44:12 [http-nio-8082-exec-9] WARN  c.m.controller.RequestController - Deposit 2561760152I inconnu, creation d'un deposit squelette pour satisfaire la contrainte
2026-08-08 16:44:12 [http-nio-8082-exec-9] INFO  c.m.controller.RequestController - POST /api/requests - request cree avec id=174417765
2026-08-08 16:44:12 [http-nio-8082-exec-8] DEBUG c.m.controller.RequestController - POST /api/requests - creation demandee: depositId=2561760152J
2026-08-08 16:44:12 [http-nio-8082-exec-8] WARN  c.m.controller.RequestController - Deposit 2561760152J inconnu, creation d'un deposit squelette pour satisfaire la contrainte
2026-08-08 16:44:12 [http-nio-8082-exec-8] INFO  c.m.controller.RequestController - POST /api/requests - request cree avec id=174417766
2026-08-08 16:44:12 [http-nio-8082-exec-10] DEBUG c.m.controller.RequestController - POST /api/requests - creation demandee: depositId=2561760152K
2026-08-08 16:44:12 [http-nio-8082-exec-10] WARN  c.m.controller.RequestController - Deposit 2561760152K inconnu, creation d'un deposit squelette pour satisfaire la contrainte
2026-08-08 16:44:12 [http-nio-8082-exec-10] INFO  c.m.controller.RequestController - POST /api/requests - request cree avec id=174417767
2026-08-08 16:44:12 [http-nio-8082-exec-1] DEBUG c.m.controller.RequestController - POST /api/requests - creation demandee: depositId=2561760152L
2026-08-08 16:44:12 [http-nio-8082-exec-1] WARN  c.m.controller.RequestController - Deposit 2561760152L inconnu, creation d'un deposit squelette pour satisfaire la contrainte
2026-08-08 16:44:12 [http-nio-8082-exec-1] INFO  c.m.controller.RequestController - POST /api/requests - request cree avec id=174417768
2026-08-08 16:44:12 [http-nio-8082-exec-2] DEBUG c.m.controller.RequestController - POST /api/requests - creation demandee: depositId=2561760152P
2026-08-08 16:44:12 [http-nio-8082-exec-2] WARN  c.m.controller.RequestController - Deposit 2561760152P inconnu, creation d'un deposit squelette pour satisfaire la contrainte
2026-08-08 16:44:12 [http-nio-8082-exec-2] INFO  c.m.controller.RequestController - POST /api/requests - request cree avec id=174417772
2026-08-08 16:44:12 [http-nio-8082-exec-3] DEBUG c.m.controller.RequestController - POST /api/requests - creation demandee: depositId=2561760152R
2026-08-08 16:44:12 [http-nio-8082-exec-3] WARN  c.m.controller.RequestController - Deposit 2561760152R inconnu, creation d'un deposit squelette pour satisfaire la contrainte
2026-08-08 16:44:12 [http-nio-8082-exec-3] INFO  c.m.controller.RequestController - POST /api/requests - request cree avec id=174417774
2026-08-08 16:44:12 [http-nio-8082-exec-4] DEBUG c.m.controller.RequestController - POST /api/requests - creation demandee: depositId=2561760152W
2026-08-08 16:44:12 [http-nio-8082-exec-4] WARN  c.m.controller.RequestController - Deposit 2561760152W inconnu, creation d'un deposit squelette pour satisfaire la contrainte
2026-08-08 16:44:12 [http-nio-8082-exec-4] INFO  c.m.controller.RequestController - POST /api/requests - request cree avec id=174417779
2026-08-08 16:44:12 [http-nio-8082-exec-6] DEBUG c.m.controller.RequestController - POST /api/requests - creation demandee: depositId=2561760153D
2026-08-08 16:44:12 [http-nio-8082-exec-6] WARN  c.m.controller.RequestController - Deposit 2561760153D inconnu, creation d'un deposit squelette pour satisfaire la contrainte
2026-08-08 16:44:12 [http-nio-8082-exec-6] INFO  c.m.controller.RequestController - POST /api/requests - request cree avec id=174417786
2026-08-08 16:44:12 [http-nio-8082-exec-7] DEBUG c.m.controller.RequestController - POST /api/requests - creation demandee: depositId=2561760153F
2026-08-08 16:44:12 [http-nio-8082-exec-7] WARN  c.m.controller.RequestController - Deposit 2561760153F inconnu, creation d'un deposit squelette pour satisfaire la contrainte
2026-08-08 16:44:12 [http-nio-8082-exec-7] INFO  c.m.controller.RequestController - POST /api/requests - request cree avec id=174417788
2026-08-08 16:44:12 [http-nio-8082-exec-5] DEBUG c.m.controller.RequestController - POST /api/requests - creation demandee: depositId=2561760153H
2026-08-08 16:44:12 [http-nio-8082-exec-5] WARN  c.m.controller.RequestController - Deposit 2561760153H inconnu, creation d'un deposit squelette pour satisfaire la contrainte
2026-08-08 16:44:12 [http-nio-8082-exec-5] INFO  c.m.controller.RequestController - POST /api/requests - request cree avec id=174417790
2026-08-08 16:44:12 [http-nio-8082-exec-9] DEBUG c.m.controller.RequestController - POST /api/requests - creation demandee: depositId=2561760155L
2026-08-08 16:44:12 [http-nio-8082-exec-9] WARN  c.m.controller.RequestController - Deposit 2561760155L inconnu, creation d'un deposit squelette pour satisfaire la contrainte
2026-08-08 16:44:12 [http-nio-8082-exec-9] INFO  c.m.controller.RequestController - POST /api/requests - request cree avec id=174417846
2026-08-08 16:44:12 [http-nio-8082-exec-8] DEBUG c.m.controller.RequestController - POST /api/requests - creation demandee: depositId=2561760155N
2026-08-08 16:44:12 [http-nio-8082-exec-8] WARN  c.m.controller.RequestController - Deposit 2561760155N inconnu, creation d'un deposit squelette pour satisfaire la contrainte
2026-08-08 16:44:12 [http-nio-8082-exec-8] INFO  c.m.controller.RequestController - POST /api/requests - request cree avec id=174417848
2026-08-08 16:44:12 [http-nio-8082-exec-10] DEBUG c.m.controller.RequestController - POST /api/requests - creation demandee: depositId=2561760155S
2026-08-08 16:44:12 [http-nio-8082-exec-10] WARN  c.m.controller.RequestController - Deposit 2561760155S inconnu, creation d'un deposit squelette pour satisfaire la contrainte
2026-08-08 16:44:12 [http-nio-8082-exec-10] INFO  c.m.controller.RequestController - POST /api/requests - request cree avec id=174417853
2026-08-08 16:44:12 [http-nio-8082-exec-1] DEBUG c.m.controller.RequestController - POST /api/requests - creation demandee: depositId=2561760155U
2026-08-08 16:44:12 [http-nio-8082-exec-1] WARN  c.m.controller.RequestController - Deposit 2561760155U inconnu, creation d'un deposit squelette pour satisfaire la contrainte
2026-08-08 16:44:12 [http-nio-8082-exec-1] INFO  c.m.controller.RequestController - POST /api/requests - request cree avec id=174417855
2026-08-08 16:44:12 [http-nio-8082-exec-2] DEBUG c.m.controller.RequestController - POST /api/requests - creation demandee: depositId=2561760156M
2026-08-08 16:44:12 [http-nio-8082-exec-2] WARN  c.m.controller.RequestController - Deposit 2561760156M inconnu, creation d'un deposit squelette pour satisfaire la contrainte
2026-08-08 16:44:12 [http-nio-8082-exec-2] INFO  c.m.controller.RequestController - POST /api/requests - request cree avec id=174417872
2026-08-08 16:44:12 [http-nio-8082-exec-3] DEBUG c.m.controller.RequestController - POST /api/requests - creation demandee: depositId=2561760156R
2026-08-08 16:44:12 [http-nio-8082-exec-3] WARN  c.m.controller.RequestController - Deposit 2561760156R inconnu, creation d'un deposit squelette pour satisfaire la contrainte
2026-08-08 16:44:12 [http-nio-8082-exec-3] INFO  c.m.controller.RequestController - POST /api/requests - request cree avec id=174417879
2026-08-08 16:44:12 [http-nio-8082-exec-4] DEBUG c.m.controller.RequestController - POST /api/requests - creation demandee: depositId=2561760156X
2026-08-08 16:44:12 [http-nio-8082-exec-4] WARN  c.m.controller.RequestController - Deposit 2561760156X inconnu, creation d'un deposit squelette pour satisfaire la contrainte
2026-08-08 16:44:12 [http-nio-8082-exec-4] INFO  c.m.controller.RequestController - POST /api/requests - request cree avec id=174417885
2026-08-08 16:44:12 [http-nio-8082-exec-6] DEBUG c.m.controller.RequestController - POST /api/requests - creation demandee: depositId=2561760157A
2026-08-08 16:44:12 [http-nio-8082-exec-6] WARN  c.m.controller.RequestController - Deposit 2561760157A inconnu, creation d'un deposit squelette pour satisfaire la contrainte
2026-08-08 16:44:12 [http-nio-8082-exec-6] INFO  c.m.controller.RequestController - POST /api/requests - request cree avec id=174417888
2026-08-08 16:44:12 [http-nio-8082-exec-7] DEBUG c.m.controller.RequestController - POST /api/requests - creation demandee: depositId=2561760157G
2026-08-08 16:44:12 [http-nio-8082-exec-7] WARN  c.m.controller.RequestController - Deposit 2561760157G inconnu, creation d'un deposit squelette pour satisfaire la contrainte
2026-08-08 16:44:12 [http-nio-8082-exec-7] INFO  c.m.controller.RequestController - POST /api/requests - request cree avec id=174417893
2026-08-08 16:44:12 [http-nio-8082-exec-5] DEBUG c.m.controller.RequestController - POST /api/requests - creation demandee: depositId=2561760157H
2026-08-08 16:44:12 [http-nio-8082-exec-5] WARN  c.m.controller.RequestController - Deposit 2561760157H inconnu, creation d'un deposit squelette pour satisfaire la contrainte
2026-08-08 16:44:12 [http-nio-8082-exec-5] INFO  c.m.controller.RequestController - POST /api/requests - request cree avec id=174417894
2026-08-08 16:44:12 [http-nio-8082-exec-9] DEBUG c.m.controller.RequestController - POST /api/requests - creation demandee: depositId=2561760157L
2026-08-08 16:44:12 [http-nio-8082-exec-9] WARN  c.m.controller.RequestController - Deposit 2561760157L inconnu, creation d'un deposit squelette pour satisfaire la contrainte
2026-08-08 16:44:12 [http-nio-8082-exec-9] INFO  c.m.controller.RequestController - POST /api/requests - request cree avec id=174417898
2026-08-08 16:44:12 [http-nio-8082-exec-8] DEBUG c.m.controller.RequestController - POST /api/requests - creation demandee: depositId=2561760157M
2026-08-08 16:44:12 [http-nio-8082-exec-8] WARN  c.m.controller.RequestController - Deposit 2561760157M inconnu, creation d'un deposit squelette pour satisfaire la contrainte
2026-08-08 16:44:12 [http-nio-8082-exec-8] INFO  c.m.controller.RequestController - POST /api/requests - request cree avec id=174417899
2026-08-08 16:44:12 [http-nio-8082-exec-10] DEBUG c.m.controller.RequestController - POST /api/requests - creation demandee: depositId=2561760159G
2026-08-08 16:44:12 [http-nio-8082-exec-10] WARN  c.m.controller.RequestController - Deposit 2561760159G inconnu, creation d'un deposit squelette pour satisfaire la contrainte
2026-08-08 16:44:12 [http-nio-8082-exec-10] INFO  c.m.controller.RequestController - POST /api/requests - request cree avec id=174417945
2026-08-08 16:44:12 [http-nio-8082-exec-1] DEBUG c.m.controller.RequestController - POST /api/requests - creation demandee: depositId=2561760159I
2026-08-08 16:44:12 [http-nio-8082-exec-1] WARN  c.m.controller.RequestController - Deposit 2561760159I inconnu, creation d'un deposit squelette pour satisfaire la contrainte
2026-08-08 16:44:12 [http-nio-8082-exec-1] INFO  c.m.controller.RequestController - POST /api/requests - request cree avec id=174417947
2026-08-08 16:44:12 [http-nio-8082-exec-2] DEBUG c.m.controller.RequestController - POST /api/requests - creation demandee: depositId=2561760159K
2026-08-08 16:44:12 [http-nio-8082-exec-2] WARN  c.m.controller.RequestController - Deposit 2561760159K inconnu, creation d'un deposit squelette pour satisfaire la contrainte
2026-08-08 16:44:12 [http-nio-8082-exec-2] INFO  c.m.controller.RequestController - POST /api/requests - request cree avec id=174417949
2026-08-08 16:44:12 [http-nio-8082-exec-3] DEBUG c.m.controller.RequestController - POST /api/requests - creation demandee: depositId=2561760159M
2026-08-08 16:44:12 [http-nio-8082-exec-3] WARN  c.m.controller.RequestController - Deposit 2561760159M inconnu, creation d'un deposit squelette pour satisfaire la contrainte
2026-08-08 16:44:12 [http-nio-8082-exec-3] INFO  c.m.controller.RequestController - POST /api/requests - request cree avec id=174417951
2026-08-08 16:44:12 [http-nio-8082-exec-4] DEBUG c.m.controller.RequestController - POST /api/requests - creation demandee: depositId=2561760159P
2026-08-08 16:44:12 [http-nio-8082-exec-4] WARN  c.m.controller.RequestController - Deposit 2561760159P inconnu, creation d'un deposit squelette pour satisfaire la contrainte
2026-08-08 16:44:12 [http-nio-8082-exec-4] INFO  c.m.controller.RequestController - POST /api/requests - request cree avec id=174417954
2026-08-08 16:44:12 [http-nio-8082-exec-6] DEBUG c.m.controller.RequestController - POST /api/requests - creation demandee: depositId=2561760159Q
2026-08-08 16:44:12 [http-nio-8082-exec-6] WARN  c.m.controller.RequestController - Deposit 2561760159Q inconnu, creation d'un deposit squelette pour satisfaire la contrainte
2026-08-08 16:44:12 [http-nio-8082-exec-6] INFO  c.m.controller.RequestController - POST /api/requests - request cree avec id=174417955
2026-08-08 16:44:12 [http-nio-8082-exec-7] DEBUG c.m.controller.RequestController - POST /api/requests - creation demandee: depositId=2561760159S
2026-08-08 16:44:12 [http-nio-8082-exec-7] WARN  c.m.controller.RequestController - Deposit 2561760159S inconnu, creation d'un deposit squelette pour satisfaire la contrainte
2026-08-08 16:44:12 [http-nio-8082-exec-7] INFO  c.m.controller.RequestController - POST /api/requests - request cree avec id=174417957
2026-08-08 16:44:12 [http-nio-8082-exec-5] DEBUG c.m.controller.RequestController - POST /api/requests - creation demandee: depositId=2561760159T
2026-08-08 16:44:12 [http-nio-8082-exec-5] WARN  c.m.controller.RequestController - Deposit 2561760159T inconnu, creation d'un deposit squelette pour satisfaire la contrainte
2026-08-08 16:44:12 [http-nio-8082-exec-5] INFO  c.m.controller.RequestController - POST /api/requests - request cree avec id=174417958
2026-08-08 16:44:12 [http-nio-8082-exec-9] DEBUG c.m.controller.RequestController - POST /api/requests - creation demandee: depositId=2561760159U
2026-08-08 16:44:12 [http-nio-8082-exec-9] WARN  c.m.controller.RequestController - Deposit 2561760159U inconnu, creation d'un deposit squelette pour satisfaire la contrainte
2026-08-08 16:44:12 [http-nio-8082-exec-9] INFO  c.m.controller.RequestController - POST /api/requests - request cree avec id=174417959
2026-08-08 16:44:12 [http-nio-8082-exec-8] DEBUG c.m.controller.RequestController - POST /api/requests - creation demandee: depositId=2561760183B
2026-08-08 16:44:12 [http-nio-8082-exec-8] WARN  c.m.controller.RequestController - Deposit 2561760183B inconnu, creation d'un deposit squelette pour satisfaire la contrainte
2026-08-08 16:44:12 [http-nio-8082-exec-8] INFO  c.m.controller.RequestController - POST /api/requests - request cree avec id=174418562
2026-08-08 16:44:12 [http-nio-8082-exec-10] DEBUG c.m.controller.RequestController - POST /api/requests - creation demandee: depositId=2561760183M
2026-08-08 16:44:12 [http-nio-8082-exec-10] WARN  c.m.controller.RequestController - Deposit 2561760183M inconnu, creation d'un deposit squelette pour satisfaire la contrainte
2026-08-08 16:44:12 [http-nio-8082-exec-10] INFO  c.m.controller.RequestController - POST /api/requests - request cree avec id=174418573
2026-08-08 16:44:12 [http-nio-8082-exec-1] DEBUG c.m.controller.RequestController - POST /api/requests - creation demandee: depositId=2561760183O
2026-08-08 16:44:12 [http-nio-8082-exec-1] WARN  c.m.controller.RequestController - Deposit 2561760183O inconnu, creation d'un deposit squelette pour satisfaire la contrainte
2026-08-08 16:44:12 [http-nio-8082-exec-1] INFO  c.m.controller.RequestController - POST /api/requests - request cree avec id=174418575
2026-08-08 16:44:12 [http-nio-8082-exec-2] DEBUG c.m.controller.RequestController - POST /api/requests - creation demandee: depositId=2561760183P
2026-08-08 16:44:12 [http-nio-8082-exec-2] WARN  c.m.controller.RequestController - Deposit 2561760183P inconnu, creation d'un deposit squelette pour satisfaire la contrainte
2026-08-08 16:44:12 [http-nio-8082-exec-2] INFO  c.m.controller.RequestController - POST /api/requests - request cree avec id=174418576
2026-08-08 16:44:12 [http-nio-8082-exec-3] DEBUG c.m.controller.RequestController - POST /api/requests - creation demandee: depositId=2561760183S
2026-08-08 16:44:12 [http-nio-8082-exec-3] WARN  c.m.controller.RequestController - Deposit 2561760183S inconnu, creation d'un deposit squelette pour satisfaire la contrainte
2026-08-08 16:44:12 [http-nio-8082-exec-3] INFO  c.m.controller.RequestController - POST /api/requests - request cree avec id=174418578
2026-08-08 16:44:12 [http-nio-8082-exec-4] DEBUG c.m.controller.RequestController - POST /api/requests - creation demandee: depositId=2561760184D
2026-08-08 16:44:12 [http-nio-8082-exec-4] WARN  c.m.controller.RequestController - Deposit 2561760184D inconnu, creation d'un deposit squelette pour satisfaire la contrainte
2026-08-08 16:44:12 [http-nio-8082-exec-4] INFO  c.m.controller.RequestController - POST /api/requests - request cree avec id=174418589
2026-08-08 16:44:12 [http-nio-8082-exec-6] DEBUG c.m.controller.RequestController - POST /api/requests - creation demandee: depositId=2561760184E
2026-08-08 16:44:12 [http-nio-8082-exec-6] WARN  c.m.controller.RequestController - Deposit 2561760184E inconnu, creation d'un deposit squelette pour satisfaire la contrainte
2026-08-08 16:44:12 [http-nio-8082-exec-6] INFO  c.m.controller.RequestController - POST /api/requests - request cree avec id=174418590
2026-08-08 16:44:12 [http-nio-8082-exec-7] DEBUG c.m.controller.RequestController - POST /api/requests - creation demandee: depositId=2561760184H
2026-08-08 16:44:12 [http-nio-8082-exec-7] WARN  c.m.controller.RequestController - Deposit 2561760184H inconnu, creation d'un deposit squelette pour satisfaire la contrainte
2026-08-08 16:44:12 [http-nio-8082-exec-7] INFO  c.m.controller.RequestController - POST /api/requests - request cree avec id=174418593
2026-08-08 16:44:12 [http-nio-8082-exec-5] DEBUG c.m.controller.RequestController - POST /api/requests - creation demandee: depositId=2561760184K
2026-08-08 16:44:12 [http-nio-8082-exec-5] WARN  c.m.controller.RequestController - Deposit 2561760184K inconnu, creation d'un deposit squelette pour satisfaire la contrainte
2026-08-08 16:44:12 [http-nio-8082-exec-5] INFO  c.m.controller.RequestController - POST /api/requests - request cree avec id=174418596
2026-08-08 16:44:12 [http-nio-8082-exec-9] DEBUG c.m.controller.RequestController - POST /api/requests - creation demandee: depositId=2561760184N
2026-08-08 16:44:12 [http-nio-8082-exec-9] WARN  c.m.controller.RequestController - Deposit 2561760184N inconnu, creation d'un deposit squelette pour satisfaire la contrainte
2026-08-08 16:44:12 [http-nio-8082-exec-9] INFO  c.m.controller.RequestController - POST /api/requests - request cree avec id=174418599
2026-08-08 16:44:12 [http-nio-8082-exec-8] DEBUG c.m.controller.RequestController - POST /api/requests - creation demandee: depositId=2561760184U
2026-08-08 16:44:12 [http-nio-8082-exec-8] WARN  c.m.controller.RequestController - Deposit 2561760184U inconnu, creation d'un deposit squelette pour satisfaire la contrainte
2026-08-08 16:44:12 [http-nio-8082-exec-8] INFO  c.m.controller.RequestController - POST /api/requests - request cree avec id=174418606
2026-08-08 16:44:12 [http-nio-8082-exec-10] DEBUG c.m.controller.RequestController - POST /api/requests - creation demandee: depositId=2561760184V
2026-08-08 16:44:12 [http-nio-8082-exec-10] WARN  c.m.controller.RequestController - Deposit 2561760184V inconnu, creation d'un deposit squelette pour satisfaire la contrainte
2026-08-08 16:44:12 [http-nio-8082-exec-10] INFO  c.m.controller.RequestController - POST /api/requests - request cree avec id=174418607
2026-08-08 16:44:12 [http-nio-8082-exec-1] DEBUG c.m.controller.RequestController - POST /api/requests - creation demandee: depositId=2561760185A
2026-08-08 16:44:12 [http-nio-8082-exec-1] WARN  c.m.controller.RequestController - Deposit 2561760185A inconnu, creation d'un deposit squelette pour satisfaire la contrainte
2026-08-08 16:44:12 [http-nio-8082-exec-1] INFO  c.m.controller.RequestController - POST /api/requests - request cree avec id=174418612
2026-08-08 16:44:12 [http-nio-8082-exec-2] DEBUG c.m.controller.RequestController - POST /api/requests - creation demandee: depositId=2561760185F
2026-08-08 16:44:12 [http-nio-8082-exec-2] WARN  c.m.controller.RequestController - Deposit 2561760185F inconnu, creation d'un deposit squelette pour satisfaire la contrainte
2026-08-08 16:44:12 [http-nio-8082-exec-2] INFO  c.m.controller.RequestController - POST /api/requests - request cree avec id=174418617
2026-08-08 16:44:12 [http-nio-8082-exec-3] DEBUG c.m.controller.RequestController - POST /api/requests - creation demandee: depositId=2561760185I
2026-08-08 16:44:12 [http-nio-8082-exec-3] WARN  c.m.controller.RequestController - Deposit 2561760185I inconnu, creation d'un deposit squelette pour satisfaire la contrainte
2026-08-08 16:44:12 [http-nio-8082-exec-3] INFO  c.m.controller.RequestController - POST /api/requests - request cree avec id=174418620
2026-08-08 16:44:12 [http-nio-8082-exec-4] DEBUG c.m.controller.RequestController - POST /api/requests - creation demandee: depositId=2561751772U
2026-08-08 16:44:12 [http-nio-8082-exec-4] WARN  c.m.controller.RequestController - Deposit 2561751772U inconnu, creation d'un deposit squelette pour satisfaire la contrainte
2026-08-08 16:44:12 [http-nio-8082-exec-4] INFO  c.m.controller.RequestController - POST /api/requests - request cree avec id=174406905
2026-08-08 16:44:12 [http-nio-8082-exec-6] DEBUG c.m.controller.BatchController - POST /api/batches - creation demandee: 37G17503532
2026-08-08 16:44:12 [http-nio-8082-exec-6] INFO  c.m.controller.BatchController - POST /api/batches - batch cree avec id=88684985
2026-08-08 16:44:12 [http-nio-8082-exec-7] DEBUG c.m.controller.BatchController - POST /api/batches - creation demandee: 37G1750353U
2026-08-08 16:44:12 [http-nio-8082-exec-7] INFO  c.m.controller.BatchController - POST /api/batches - batch cree avec id=88685036
2026-08-08 16:44:12 [http-nio-8082-exec-5] DEBUG c.m.controller.BatchController - POST /api/batches - creation demandee: 37G1750353W
2026-08-08 16:44:12 [http-nio-8082-exec-5] INFO  c.m.controller.BatchController - POST /api/batches - batch cree avec id=88685039
2026-08-08 16:44:12 [http-nio-8082-exec-9] DEBUG c.m.controller.BatchController - POST /api/batches - creation demandee: 37G1750353V
2026-08-08 16:44:12 [http-nio-8082-exec-9] INFO  c.m.controller.BatchController - POST /api/batches - batch cree avec id=88685037
2026-08-08 16:44:12 [http-nio-8082-exec-8] DEBUG c.m.controller.BatchController - POST /api/batches - creation demandee: 37G1750353Z
2026-08-08 16:44:12 [http-nio-8082-exec-8] INFO  c.m.controller.BatchController - POST /api/batches - batch cree avec id=88685042
2026-08-08 16:44:12 [http-nio-8082-exec-10] DEBUG c.m.controller.BatchController - POST /api/batches - creation demandee: 37G1750354E
2026-08-08 16:44:12 [http-nio-8082-exec-10] INFO  c.m.controller.BatchController - POST /api/batches - batch cree avec id=88685045
2026-08-08 16:44:12 [http-nio-8082-exec-1] DEBUG c.m.controller.BatchController - POST /api/batches - creation demandee: 37G1750354G
2026-08-08 16:44:12 [http-nio-8082-exec-1] INFO  c.m.controller.BatchController - POST /api/batches - batch cree avec id=88685046
2026-08-08 16:44:12 [http-nio-8082-exec-2] DEBUG c.m.controller.BatchController - POST /api/batches - creation demandee: 37G1750354T
2026-08-08 16:44:12 [http-nio-8082-exec-2] INFO  c.m.controller.BatchController - POST /api/batches - batch cree avec id=88685065
2026-08-08 16:44:12 [http-nio-8082-exec-3] DEBUG c.m.controller.BatchController - POST /api/batches - creation demandee: 37G1750354U
2026-08-08 16:44:12 [http-nio-8082-exec-3] INFO  c.m.controller.BatchController - POST /api/batches - batch cree avec id=88685111
2026-08-08 16:44:12 [http-nio-8082-exec-4] DEBUG c.m.controller.BatchController - POST /api/batches - creation demandee: 37G1750354V
2026-08-08 16:44:12 [http-nio-8082-exec-4] INFO  c.m.controller.BatchController - POST /api/batches - batch cree avec id=88685112
2026-08-08 16:44:12 [http-nio-8082-exec-6] DEBUG c.m.controller.BatchController - POST /api/batches - creation demandee: 37G17503612
2026-08-08 16:44:12 [http-nio-8082-exec-6] INFO  c.m.controller.BatchController - POST /api/batches - batch cree avec id=88685113
2026-08-08 16:44:12 [http-nio-8082-exec-7] DEBUG c.m.controller.BatchController - POST /api/batches - creation demandee: 37G1750380Y
2026-08-08 16:44:12 [http-nio-8082-exec-7] INFO  c.m.controller.BatchController - POST /api/batches - batch cree avec id=88685221
2026-08-08 16:44:12 [http-nio-8082-exec-5] DEBUG c.m.controller.BatchController - POST /api/batches - creation demandee: 37G1750382U
2026-08-08 16:44:12 [http-nio-8082-exec-5] INFO  c.m.controller.BatchController - POST /api/batches - batch cree avec id=88685222
2026-08-08 16:44:12 [http-nio-8082-exec-9] DEBUG c.m.controller.BatchController - POST /api/batches - creation demandee: 37G1750386W
2026-08-08 16:44:12 [http-nio-8082-exec-9] INFO  c.m.controller.BatchController - POST /api/batches - batch cree avec id=88685231
2026-08-08 16:44:12 [http-nio-8082-exec-8] DEBUG c.m.controller.BatchController - POST /api/batches - creation demandee: 37G1750388U
2026-08-08 16:44:12 [http-nio-8082-exec-8] INFO  c.m.controller.BatchController - POST /api/batches - batch cree avec id=88685564
2026-08-08 16:44:12 [http-nio-8082-exec-10] DEBUG c.m.controller.BatchController - POST /api/batches - creation demandee: 37G1750389M
2026-08-08 16:44:12 [http-nio-8082-exec-10] INFO  c.m.controller.BatchController - POST /api/batches - batch cree avec id=88685668
2026-08-08 16:44:12 [http-nio-8082-exec-1] DEBUG c.m.controller.BatchController - POST /api/batches - creation demandee: 37G1750390E
2026-08-08 16:44:12 [http-nio-8082-exec-1] INFO  c.m.controller.BatchController - POST /api/batches - batch cree avec id=88685734
2026-08-08 16:44:12 [http-nio-8082-exec-2] DEBUG c.m.controller.BatchController - POST /api/batches - creation demandee: 37G1750390F
2026-08-08 16:44:12 [http-nio-8082-exec-2] INFO  c.m.controller.BatchController - POST /api/batches - batch cree avec id=88685735
2026-08-08 16:44:12 [http-nio-8082-exec-3] DEBUG c.m.controller.BatchController - POST /api/batches - creation demandee: 37G17503915
2026-08-08 16:44:12 [http-nio-8082-exec-3] INFO  c.m.controller.BatchController - POST /api/batches - batch cree avec id=88685766
2026-08-08 16:44:12 [http-nio-8082-exec-4] DEBUG c.m.controller.BatchController - POST /api/batches - creation demandee: 37G17504049
2026-08-08 16:44:12 [http-nio-8082-exec-4] INFO  c.m.controller.BatchController - POST /api/batches - batch cree avec id=88685998
2026-08-08 16:44:12 [http-nio-8082-exec-6] DEBUG c.m.controller.BatchController - POST /api/batches - creation demandee: 37G1750408A
2026-08-08 16:44:12 [http-nio-8082-exec-6] INFO  c.m.controller.BatchController - POST /api/batches - batch cree avec id=88685997
2026-08-08 16:44:12 [http-nio-8082-exec-7] DEBUG c.m.controller.BatchController - POST /api/batches - creation demandee: 37G1750408B
2026-08-08 16:44:12 [http-nio-8082-exec-7] INFO  c.m.controller.BatchController - POST /api/batches - batch cree avec id=88686031
2026-08-08 16:44:12 [http-nio-8082-exec-5] DEBUG c.m.controller.BatchController - POST /api/batches - creation demandee: 37G1750408K
2026-08-08 16:44:12 [http-nio-8082-exec-5] INFO  c.m.controller.BatchController - POST /api/batches - batch cree avec id=88686106
2026-08-08 16:44:12 [http-nio-8082-exec-9] DEBUG c.m.controller.BatchController - POST /api/batches - creation demandee: 37G1750408L
2026-08-08 16:44:12 [http-nio-8082-exec-9] INFO  c.m.controller.BatchController - POST /api/batches - batch cree avec id=88686128
2026-08-08 16:44:12 [http-nio-8082-exec-8] DEBUG c.m.controller.BatchController - POST /api/batches - creation demandee: 37G1750408N
2026-08-08 16:44:12 [http-nio-8082-exec-8] INFO  c.m.controller.BatchController - POST /api/batches - batch cree avec id=88686127
2026-08-08 16:44:12 [http-nio-8082-exec-10] DEBUG c.m.controller.BatchController - POST /api/batches - creation demandee: 37G1750408M
2026-08-08 16:44:12 [http-nio-8082-exec-10] INFO  c.m.controller.BatchController - POST /api/batches - batch cree avec id=88686126
2026-08-08 16:44:12 [http-nio-8082-exec-1] DEBUG c.m.controller.BatchController - POST /api/batches - creation demandee: 37G1750408O
2026-08-08 16:44:12 [http-nio-8082-exec-1] INFO  c.m.controller.BatchController - POST /api/batches - batch cree avec id=88686129
2026-08-08 16:44:12 [http-nio-8082-exec-2] DEBUG c.m.controller.BatchController - POST /api/batches - creation demandee: 37G1750415D
2026-08-08 16:44:12 [http-nio-8082-exec-2] INFO  c.m.controller.BatchController - POST /api/batches - batch cree avec id=88686130
2026-08-08 16:44:12 [http-nio-8082-exec-3] DEBUG c.m.controller.BatchController - POST /api/batches - creation demandee: 37G1750418B
2026-08-08 16:44:12 [http-nio-8082-exec-3] INFO  c.m.controller.BatchController - POST /api/batches - batch cree avec id=88686137
2026-08-08 16:44:12 [http-nio-8082-exec-4] DEBUG c.m.controller.BatchController - POST /api/batches - creation demandee: 37G1750418J
2026-08-08 16:44:12 [http-nio-8082-exec-4] INFO  c.m.controller.BatchController - POST /api/batches - batch cree avec id=88686148
2026-08-08 16:44:12 [http-nio-8082-exec-6] DEBUG c.m.controller.BatchController - POST /api/batches - creation demandee: 37G17504197
2026-08-08 16:44:12 [http-nio-8082-exec-6] INFO  c.m.controller.BatchController - POST /api/batches - batch cree avec id=88686265
2026-08-08 16:44:12 [http-nio-8082-exec-7] DEBUG c.m.controller.BatchController - POST /api/batches - creation demandee: 37G1750419F
2026-08-08 16:44:12 [http-nio-8082-exec-7] INFO  c.m.controller.BatchController - POST /api/batches - batch cree avec id=88686318
2026-08-08 16:44:12 [http-nio-8082-exec-5] DEBUG c.m.controller.BatchController - POST /api/batches - creation demandee: 37G17504239
2026-08-08 16:44:12 [http-nio-8082-exec-5] INFO  c.m.controller.BatchController - POST /api/batches - batch cree avec id=88686416
2026-08-08 16:44:12 [http-nio-8082-exec-9] DEBUG c.m.controller.BatchController - POST /api/batches - creation demandee: 37G17504238
2026-08-08 16:44:12 [http-nio-8082-exec-9] INFO  c.m.controller.BatchController - POST /api/batches - batch cree avec id=88686413
2026-08-08 16:44:12 [http-nio-8082-exec-8] DEBUG c.m.controller.BatchController - POST /api/batches - creation demandee: 37G1750423A
2026-08-08 16:44:12 [http-nio-8082-exec-8] INFO  c.m.controller.BatchController - POST /api/batches - batch cree avec id=88686415
2026-08-08 16:44:12 [http-nio-8082-exec-10] DEBUG c.m.controller.BatchController - POST /api/batches - creation demandee: 37G17504241
2026-08-08 16:44:12 [http-nio-8082-exec-10] INFO  c.m.controller.BatchController - POST /api/batches - batch cree avec id=88686445
2026-08-08 16:44:12 [http-nio-8082-exec-1] DEBUG c.m.controller.BatchController - POST /api/batches - creation demandee: 37G17504242
2026-08-08 16:44:12 [http-nio-8082-exec-1] INFO  c.m.controller.BatchController - POST /api/batches - batch cree avec id=88686441
2026-08-08 16:44:12 [http-nio-8082-exec-2] DEBUG c.m.controller.BatchController - POST /api/batches - creation demandee: 37G17504243
2026-08-08 16:44:12 [http-nio-8082-exec-2] INFO  c.m.controller.BatchController - POST /api/batches - batch cree avec id=88686431
2026-08-08 16:44:12 [http-nio-8082-exec-3] DEBUG c.m.controller.BatchController - POST /api/batches - creation demandee: 37G17504245
2026-08-08 16:44:12 [http-nio-8082-exec-3] INFO  c.m.controller.BatchController - POST /api/batches - batch cree avec id=88686417
2026-08-08 16:44:12 [http-nio-8082-exec-4] DEBUG c.m.controller.BatchController - POST /api/batches - creation demandee: 37G17504246
2026-08-08 16:44:12 [http-nio-8082-exec-4] INFO  c.m.controller.BatchController - POST /api/batches - batch cree avec id=88686418
2026-08-08 16:44:12 [http-nio-8082-exec-6] DEBUG c.m.controller.BatchController - POST /api/batches - creation demandee: 37G1750424C
2026-08-08 16:44:12 [http-nio-8082-exec-6] INFO  c.m.controller.BatchController - POST /api/batches - batch cree avec id=88686456
2026-08-08 16:44:12 [http-nio-8082-exec-7] DEBUG c.m.controller.BatchController - POST /api/batches - creation demandee: 37G1750424D
2026-08-08 16:44:12 [http-nio-8082-exec-7] INFO  c.m.controller.BatchController - POST /api/batches - batch cree avec id=88686455
2026-08-08 16:44:12 [http-nio-8082-exec-5] DEBUG c.m.controller.BatchController - POST /api/batches - creation demandee: 37G1750424E
2026-08-08 16:44:12 [http-nio-8082-exec-5] INFO  c.m.controller.BatchController - POST /api/batches - batch cree avec id=88686327
2026-08-08 16:44:12 [http-nio-8082-exec-9] DEBUG c.m.controller.BatchController - POST /api/batches - creation demandee: 37G1750430O
2026-08-08 16:44:12 [http-nio-8082-exec-9] INFO  c.m.controller.BatchController - POST /api/batches - batch cree avec id=88686419
2026-08-08 16:44:12 [http-nio-8082-exec-8] DEBUG c.m.controller.BatchController - POST /api/batches - creation demandee: 37G1750435J
2026-08-08 16:44:12 [http-nio-8082-exec-8] INFO  c.m.controller.BatchController - POST /api/batches - batch cree avec id=88686447
2026-08-08 16:44:12 [http-nio-8082-exec-10] DEBUG c.m.controller.BatchController - POST /api/batches - creation demandee: 37G17504363
2026-08-08 16:44:12 [http-nio-8082-exec-10] INFO  c.m.controller.BatchController - POST /api/batches - batch cree avec id=88686443
2026-08-08 16:44:12 [http-nio-8082-exec-1] DEBUG c.m.controller.BatchController - POST /api/batches - creation demandee: 37G1750443L
2026-08-08 16:44:12 [http-nio-8082-exec-1] INFO  c.m.controller.BatchController - POST /api/batches - batch cree avec id=88686457
2026-08-08 16:44:12 [http-nio-8082-exec-2] DEBUG c.m.controller.BatchController - POST /api/batches - creation demandee: 37G17504445
2026-08-08 16:44:12 [http-nio-8082-exec-2] INFO  c.m.controller.BatchController - POST /api/batches - batch cree avec id=88686459
2026-08-08 16:44:12 [http-nio-8082-exec-3] DEBUG c.m.controller.BatchController - POST /api/batches - creation demandee: 37G1750445J
2026-08-08 16:44:12 [http-nio-8082-exec-3] INFO  c.m.controller.BatchController - POST /api/batches - batch cree avec id=88686880
2026-08-08 16:44:12 [http-nio-8082-exec-4] DEBUG c.m.controller.BatchController - POST /api/batches - creation demandee: 37G1750450E
2026-08-08 16:44:12 [http-nio-8082-exec-4] INFO  c.m.controller.BatchController - POST /api/batches - batch cree avec id=88686878
2026-08-08 16:44:12 [http-nio-8082-exec-6] DEBUG c.m.controller.BatchController - POST /api/batches - creation demandee: 37G1750450F
2026-08-08 16:44:12 [http-nio-8082-exec-6] INFO  c.m.controller.BatchController - POST /api/batches - batch cree avec id=88686879
2026-08-08 16:44:12 [http-nio-8082-exec-7] DEBUG c.m.controller.BatchController - POST /api/batches - creation demandee: 37G1750450G
2026-08-08 16:44:12 [http-nio-8082-exec-7] INFO  c.m.controller.BatchController - POST /api/batches - batch cree avec id=88686881
2026-08-08 16:44:12 [http-nio-8082-exec-5] DEBUG c.m.controller.BatchController - POST /api/batches - creation demandee: 37G1750450H
2026-08-08 16:44:12 [http-nio-8082-exec-5] INFO  c.m.controller.BatchController - POST /api/batches - batch cree avec id=88686898
2026-08-08 16:44:12 [http-nio-8082-exec-9] DEBUG c.m.controller.BatchController - POST /api/batches - creation demandee: 37G1750452C
2026-08-08 16:44:12 [http-nio-8082-exec-9] INFO  c.m.controller.BatchController - POST /api/batches - batch cree avec id=88686964
2026-08-08 16:44:12 [http-nio-8082-exec-8] DEBUG c.m.controller.BatchController - POST /api/batches - creation demandee: 37G17504553
2026-08-08 16:44:12 [http-nio-8082-exec-8] INFO  c.m.controller.BatchController - POST /api/batches - batch cree avec id=88687035
2026-08-08 16:44:12 [http-nio-8082-exec-10] DEBUG c.m.controller.BatchController - POST /api/batches - creation demandee: 37G1750458T
2026-08-08 16:44:12 [http-nio-8082-exec-10] INFO  c.m.controller.BatchController - POST /api/batches - batch cree avec id=88687150
2026-08-08 16:44:12 [http-nio-8082-exec-1] DEBUG c.m.controller.BatchController - POST /api/batches - creation demandee: 37G1750462X
2026-08-08 16:44:12 [http-nio-8082-exec-1] INFO  c.m.controller.BatchController - POST /api/batches - batch cree avec id=88687197
2026-08-08 16:44:12 [http-nio-8082-exec-2] DEBUG c.m.controller.BatchController - POST /api/batches - creation demandee: 37G1750463J
2026-08-08 16:44:12 [http-nio-8082-exec-2] INFO  c.m.controller.BatchController - POST /api/batches - batch cree avec id=88687219
2026-08-08 16:44:12 [http-nio-8082-exec-3] DEBUG c.m.controller.BatchController - POST /api/batches - creation demandee: 37G1750465Q
2026-08-08 16:44:12 [http-nio-8082-exec-3] INFO  c.m.controller.BatchController - POST /api/batches - batch cree avec id=88687252
2026-08-08 16:44:12 [http-nio-8082-exec-4] DEBUG c.m.controller.BatchController - POST /api/batches - creation demandee: 37G1750466O
2026-08-08 16:44:12 [http-nio-8082-exec-4] INFO  c.m.controller.BatchController - POST /api/batches - batch cree avec id=88687299
2026-08-08 16:44:12 [http-nio-8082-exec-6] DEBUG c.m.controller.BatchController - POST /api/batches - creation demandee: 37G17504690
2026-08-08 16:44:12 [http-nio-8082-exec-6] INFO  c.m.controller.BatchController - POST /api/batches - batch cree avec id=88687321
2026-08-08 16:44:12 [http-nio-8082-exec-7] DEBUG c.m.controller.BatchController - POST /api/batches - creation demandee: 37G1750470N
2026-08-08 16:44:12 [http-nio-8082-exec-7] INFO  c.m.controller.BatchController - POST /api/batches - batch cree avec id=88687368
2026-08-08 16:44:12 [http-nio-8082-exec-5] DEBUG c.m.controller.BatchController - POST /api/batches - creation demandee: 37G1750470Y
2026-08-08 16:44:12 [http-nio-8082-exec-5] INFO  c.m.controller.BatchController - POST /api/batches - batch cree avec id=88687383
2026-08-08 16:44:12 [http-nio-8082-exec-9] DEBUG c.m.controller.BatchController - POST /api/batches - creation demandee: 37G17504747
2026-08-08 16:44:12 [http-nio-8082-exec-9] INFO  c.m.controller.BatchController - POST /api/batches - batch cree avec id=88687418
2026-08-08 16:44:12 [http-nio-8082-exec-8] DEBUG c.m.controller.BatchController - POST /api/batches - creation demandee: 37G1750474M
2026-08-08 16:44:12 [http-nio-8082-exec-8] INFO  c.m.controller.BatchController - POST /api/batches - batch cree avec id=88687289
2026-08-08 16:44:12 [http-nio-8082-exec-10] DEBUG c.m.controller.BatchController - POST /api/batches - creation demandee: 37G1750474N
2026-08-08 16:44:12 [http-nio-8082-exec-10] INFO  c.m.controller.BatchController - POST /api/batches - batch cree avec id=88687485
2026-08-08 16:44:12 [http-nio-8082-exec-1] DEBUG c.m.controller.BatchController - POST /api/batches - creation demandee: 37G17504752
2026-08-08 16:44:12 [http-nio-8082-exec-1] INFO  c.m.controller.BatchController - POST /api/batches - batch cree avec id=88687503
2026-08-08 16:44:12 [http-nio-8082-exec-2] DEBUG c.m.controller.BatchController - POST /api/batches - creation demandee: 37G1750475P
2026-08-08 16:44:12 [http-nio-8082-exec-2] INFO  c.m.controller.BatchController - POST /api/batches - batch cree avec id=88687508
2026-08-08 16:44:12 [http-nio-8082-exec-3] DEBUG c.m.controller.BatchController - POST /api/batches - creation demandee: 37G1750475Y
2026-08-08 16:44:12 [http-nio-8082-exec-3] INFO  c.m.controller.BatchController - POST /api/batches - batch cree avec id=88687533
2026-08-08 16:44:12 [http-nio-8082-exec-4] DEBUG c.m.controller.BatchController - POST /api/batches - creation demandee: 37G1750476K
2026-08-08 16:44:12 [http-nio-8082-exec-4] INFO  c.m.controller.BatchController - POST /api/batches - batch cree avec id=88687547
2026-08-08 16:44:12 [http-nio-8082-exec-6] DEBUG c.m.controller.BatchController - POST /api/batches - creation demandee: 37G1750476J
2026-08-08 16:44:12 [http-nio-8082-exec-6] INFO  c.m.controller.BatchController - POST /api/batches - batch cree avec id=88687553
2026-08-08 16:44:12 [http-nio-8082-exec-7] DEBUG c.m.controller.BatchController - POST /api/batches - creation demandee: 37G1750476Z
2026-08-08 16:44:12 [http-nio-8082-exec-7] INFO  c.m.controller.BatchController - POST /api/batches - batch cree avec id=88687569
2026-08-08 16:44:12 [http-nio-8082-exec-5] DEBUG c.m.controller.BatchController - POST /api/batches - creation demandee: 37G17504778
2026-08-08 16:44:12 [http-nio-8082-exec-5] INFO  c.m.controller.BatchController - POST /api/batches - batch cree avec id=88687576
2026-08-08 16:44:12 [http-nio-8082-exec-9] DEBUG c.m.controller.BatchController - POST /api/batches - creation demandee: 37G1750478Q
2026-08-08 16:44:12 [http-nio-8082-exec-9] INFO  c.m.controller.BatchController - POST /api/batches - batch cree avec id=88687590
2026-08-08 16:44:12 [http-nio-8082-exec-8] DEBUG c.m.controller.BatchController - POST /api/batches - creation demandee: 37G17504797
2026-08-08 16:44:12 [http-nio-8082-exec-8] INFO  c.m.controller.BatchController - POST /api/batches - batch cree avec id=88687625
2026-08-08 16:44:12 [http-nio-8082-exec-10] DEBUG c.m.controller.BatchController - POST /api/batches - creation demandee: 37G1750479G
2026-08-08 16:44:12 [http-nio-8082-exec-10] INFO  c.m.controller.BatchController - POST /api/batches - batch cree avec id=88687639
2026-08-08 16:44:12 [http-nio-8082-exec-1] DEBUG c.m.controller.BatchController - POST /api/batches - creation demandee: 37G1750481T
2026-08-08 16:44:12 [http-nio-8082-exec-1] INFO  c.m.controller.BatchController - POST /api/batches - batch cree avec id=88687651
2026-08-08 16:44:12 [http-nio-8082-exec-2] DEBUG c.m.controller.BatchController - POST /api/batches - creation demandee: 37G17504824
2026-08-08 16:44:12 [http-nio-8082-exec-2] INFO  c.m.controller.BatchController - POST /api/batches - batch cree avec id=88687659
2026-08-08 16:44:12 [http-nio-8082-exec-3] DEBUG c.m.controller.BatchController - POST /api/batches - creation demandee: 37G17504875
2026-08-08 16:44:12 [http-nio-8082-exec-3] INFO  c.m.controller.BatchController - POST /api/batches - batch cree avec id=88687716
2026-08-08 16:44:12 [http-nio-8082-exec-4] DEBUG c.m.controller.BatchController - POST /api/batches - creation demandee: 37G17504894
2026-08-08 16:44:12 [http-nio-8082-exec-4] INFO  c.m.controller.BatchController - POST /api/batches - batch cree avec id=88687723
2026-08-08 16:44:12 [http-nio-8082-exec-6] DEBUG c.m.controller.BatchController - POST /api/batches - creation demandee: 37G1750535E
2026-08-08 16:44:12 [http-nio-8082-exec-6] INFO  c.m.controller.BatchController - POST /api/batches - batch cree avec id=88688680
2026-08-08 16:44:12 [http-nio-8082-exec-7] DEBUG c.m.controller.BatchController - POST /api/batches - creation demandee: 37G17600003
2026-08-08 16:44:12 [http-nio-8082-exec-7] INFO  c.m.controller.BatchController - POST /api/batches - batch cree avec id=88688762
2026-08-08 16:44:12 [http-nio-8082-exec-5] DEBUG c.m.controller.BatchController - POST /api/batches - creation demandee: 37G17600002
2026-08-08 16:44:12 [http-nio-8082-exec-5] INFO  c.m.controller.BatchController - POST /api/batches - batch cree avec id=88688764
2026-08-08 16:44:12 [http-nio-8082-exec-9] DEBUG c.m.controller.BatchController - POST /api/batches - creation demandee: 37G17600004
2026-08-08 16:44:12 [http-nio-8082-exec-9] INFO  c.m.controller.BatchController - POST /api/batches - batch cree avec id=88688765
2026-08-08 16:44:12 [http-nio-8082-exec-8] DEBUG c.m.controller.BatchController - POST /api/batches - creation demandee: 37G17600001
2026-08-08 16:44:12 [http-nio-8082-exec-8] INFO  c.m.controller.BatchController - POST /api/batches - batch cree avec id=88688763
2026-08-08 16:44:12 [http-nio-8082-exec-10] DEBUG c.m.controller.BatchController - POST /api/batches - creation demandee: 37G17600005
2026-08-08 16:44:12 [http-nio-8082-exec-10] INFO  c.m.controller.BatchController - POST /api/batches - batch cree avec id=88688766
2026-08-08 16:44:12 [http-nio-8082-exec-1] DEBUG c.m.controller.BatchController - POST /api/batches - creation demandee: 37G17600006
2026-08-08 16:44:12 [http-nio-8082-exec-1] INFO  c.m.controller.BatchController - POST /api/batches - batch cree avec id=88688767
2026-08-08 16:44:12 [http-nio-8082-exec-2] DEBUG c.m.controller.BatchController - POST /api/batches - creation demandee: 37G1760000I
2026-08-08 16:44:12 [http-nio-8082-exec-2] INFO  c.m.controller.BatchController - POST /api/batches - batch cree avec id=88688758
2026-08-08 16:44:12 [http-nio-8082-exec-3] DEBUG c.m.controller.BatchController - POST /api/batches - creation demandee: 37G1760000H
2026-08-08 16:44:12 [http-nio-8082-exec-3] INFO  c.m.controller.BatchController - POST /api/batches - batch cree avec id=88688757
2026-08-08 16:44:12 [http-nio-8082-exec-4] DEBUG c.m.controller.BatchController - POST /api/batches - creation demandee: 37G1760000J
2026-08-08 16:44:12 [http-nio-8082-exec-4] INFO  c.m.controller.BatchController - POST /api/batches - batch cree avec id=88688759
2026-08-08 16:44:12 [http-nio-8082-exec-6] DEBUG c.m.controller.BatchController - POST /api/batches - creation demandee: 37G1760000L
2026-08-08 16:44:12 [http-nio-8082-exec-6] INFO  c.m.controller.BatchController - POST /api/batches - batch cree avec id=88688768
2026-08-08 16:44:12 [http-nio-8082-exec-7] DEBUG c.m.controller.BatchController - POST /api/batches - creation demandee: 37G1760000K
2026-08-08 16:44:12 [http-nio-8082-exec-7] INFO  c.m.controller.BatchController - POST /api/batches - batch cree avec id=88688760
2026-08-08 16:44:12 [http-nio-8082-exec-5] DEBUG c.m.controller.BatchController - POST /api/batches - creation demandee: 37G1760000M
2026-08-08 16:44:12 [http-nio-8082-exec-5] INFO  c.m.controller.BatchController - POST /api/batches - batch cree avec id=88688761
2026-08-08 16:44:12 [http-nio-8082-exec-9] DEBUG c.m.controller.BatchController - POST /api/batches - creation demandee: 37G1760000N
2026-08-08 16:44:12 [http-nio-8082-exec-9] INFO  c.m.controller.BatchController - POST /api/batches - batch cree avec id=88688769
2026-08-08 16:44:12 [http-nio-8082-exec-8] DEBUG c.m.controller.BatchController - POST /api/batches - creation demandee: 37G1760021N
2026-08-08 16:44:12 [http-nio-8082-exec-8] INFO  c.m.controller.BatchController - POST /api/batches - batch cree avec id=88689211
2026-08-08 16:44:12 [http-nio-8082-exec-10] DEBUG c.m.controller.BatchController - POST /api/batches - creation demandee: 37G1760021S
2026-08-08 16:44:12 [http-nio-8082-exec-10] INFO  c.m.controller.BatchController - POST /api/batches - batch cree avec id=88689205
2026-08-08 16:44:12 [http-nio-8082-exec-1] DEBUG c.m.controller.BatchController - POST /api/batches - creation demandee: 37G1760021T
2026-08-08 16:44:12 [http-nio-8082-exec-1] INFO  c.m.controller.BatchController - POST /api/batches - batch cree avec id=88689206
2026-08-08 16:44:12 [http-nio-8082-exec-2] DEBUG c.m.controller.BatchController - POST /api/batches - creation demandee: 37G17600224
2026-08-08 16:44:12 [http-nio-8082-exec-2] INFO  c.m.controller.BatchController - POST /api/batches - batch cree avec id=88689213
2026-08-08 16:44:12 [http-nio-8082-exec-3] DEBUG c.m.controller.BatchController - POST /api/batches - creation demandee: 37G17600220
2026-08-08 16:44:12 [http-nio-8082-exec-3] INFO  c.m.controller.BatchController - POST /api/batches - batch cree avec id=88689209
2026-08-08 16:44:12 [http-nio-8082-exec-4] DEBUG c.m.controller.BatchController - POST /api/batches - creation demandee: 37G17600222
2026-08-08 16:44:12 [http-nio-8082-exec-4] INFO  c.m.controller.BatchController - POST /api/batches - batch cree avec id=88689210
2026-08-08 16:44:12 [http-nio-8082-exec-6] DEBUG c.m.controller.BatchController - POST /api/batches - creation demandee: 37G17600221
2026-08-08 16:44:12 [http-nio-8082-exec-6] INFO  c.m.controller.BatchController - POST /api/batches - batch cree avec id=88689208
2026-08-08 16:44:12 [http-nio-8082-exec-7] DEBUG c.m.controller.BatchController - POST /api/batches - creation demandee: 37G17600226
2026-08-08 16:44:12 [http-nio-8082-exec-7] INFO  c.m.controller.BatchController - POST /api/batches - batch cree avec id=88689215
2026-08-08 16:44:12 [http-nio-8082-exec-5] DEBUG c.m.controller.BatchController - POST /api/batches - creation demandee: 37G17600227
2026-08-08 16:44:12 [http-nio-8082-exec-5] INFO  c.m.controller.BatchController - POST /api/batches - batch cree avec id=88689216
2026-08-08 16:44:12 [http-nio-8082-exec-9] DEBUG c.m.controller.BatchController - POST /api/batches - creation demandee: 37G17600228
2026-08-08 16:44:12 [http-nio-8082-exec-9] INFO  c.m.controller.BatchController - POST /api/batches - batch cree avec id=88689217
2026-08-08 16:44:13 [http-nio-8082-exec-8] DEBUG c.m.controller.BatchController - POST /api/batches - creation demandee: 37G1740340G
2026-08-08 16:44:13 [http-nio-8082-exec-8] INFO  c.m.controller.BatchController - POST /api/batches - batch cree avec id=88673766
2026-08-08 16:44:13 [http-nio-8082-exec-10] DEBUG c.m.controller.BatchController - POST /api/batches - creation demandee: 37G17404609
2026-08-08 16:44:13 [http-nio-8082-exec-10] INFO  c.m.controller.BatchController - POST /api/batches - batch cree avec id=88676245
2026-08-08 16:44:13 [http-nio-8082-exec-1] DEBUG c.m.controller.BatchController - POST /api/batches - creation demandee: 37G1750081K
2026-08-08 16:44:13 [http-nio-8082-exec-1] INFO  c.m.controller.BatchController - POST /api/batches - batch cree avec id=88679583
2026-08-08 16:44:13 [http-nio-8082-exec-2] DEBUG c.m.controller.BatchController - POST /api/batches - creation demandee: 37G17503527
2026-08-08 16:44:13 [http-nio-8082-exec-2] INFO  c.m.controller.BatchController - POST /api/batches - batch cree avec id=88685040
2026-08-08 16:44:13 [http-nio-8082-exec-3] DEBUG c.m.controller.BatchController - POST /api/batches - creation demandee: 37G1750121R
2026-08-08 16:44:13 [http-nio-8082-exec-3] INFO  c.m.controller.BatchController - POST /api/batches - batch cree avec id=88680405
2026-08-08 16:44:13 [http-nio-8082-exec-4] DEBUG c.m.controller.BatchController - POST /api/batches - creation demandee: 37G1760026W
2026-08-08 16:44:13 [http-nio-8082-exec-4] INFO  c.m.controller.BatchController - POST /api/batches - batch cree avec id=88689313
2026-08-08 16:44:13 [http-nio-8082-exec-6] DEBUG c.m.controller.BatchController - POST /api/batches - creation demandee: 37G17600426
2026-08-08 16:44:13 [http-nio-8082-exec-6] INFO  c.m.controller.BatchController - POST /api/batches - batch cree avec id=88689691
2026-08-08 16:44:13 [http-nio-8082-exec-7] DEBUG c.m.controller.BatchController - POST /api/batches - creation demandee: 37G17503213
2026-08-08 16:44:13 [http-nio-8082-exec-7] INFO  c.m.controller.BatchController - POST /api/batches - batch cree avec id=88684312
2026-08-08 16:44:13 [http-nio-8082-exec-5] DEBUG c.m.controller.BatchController - POST /api/batches - creation demandee: 37G17501867
2026-08-08 16:44:13 [http-nio-8082-exec-5] INFO  c.m.controller.BatchController - POST /api/batches - batch cree avec id=88681661
2026-08-08 16:44:13 [http-nio-8082-exec-9] DEBUG c.m.controller.DepositController - POST /api/deposits - creation demandee: franceequipement.lallemand     ZCOU
2026-08-08 16:44:13 [http-nio-8082-exec-9] INFO  c.m.controller.DepositController - POST /api/deposits - deposit cree avec id=2561751504I
2026-08-08 16:44:13 [http-nio-8082-exec-8] DEBUG c.m.controller.DepositController - POST /api/deposits - creation demandee: MULTI-IMPACT.BACKOFFICE        COU
2026-08-08 16:44:13 [http-nio-8082-exec-8] INFO  c.m.controller.DepositController - POST /api/deposits - deposit cree avec id=2561760035N
2026-08-08 16:44:57 [http-nio-8082-exec-1] DEBUG c.m.controller.RequestController - POST /api/requests - creation demandee: depositId=2561751753Y
2026-08-08 16:44:57 [http-nio-8082-exec-1] WARN  org.hibernate.orm.core - HHH000502: The [deposit] property of the [com.mcotools.models.Request] entity was modified, but it won't be updated because the property is immutable.
2026-08-08 16:44:57 [http-nio-8082-exec-1] INFO  c.m.controller.RequestController - POST /api/requests - request cree avec id=174406418
2026-08-08 16:44:57 [http-nio-8082-exec-2] DEBUG c.m.controller.RequestController - POST /api/requests - creation demandee: depositId=2561751753Y
2026-08-08 16:44:57 [http-nio-8082-exec-2] WARN  org.hibernate.orm.core - HHH000502: The [deposit] property of the [com.mcotools.models.Request] entity was modified, but it won't be updated because the property is immutable.
2026-08-08 16:44:57 [http-nio-8082-exec-2] INFO  c.m.controller.RequestController - POST /api/requests - request cree avec id=174406418
2026-08-08 16:44:57 [http-nio-8082-exec-3] DEBUG c.m.controller.RequestController - POST /api/requests - creation demandee: depositId=2561751274J
2026-08-08 16:44:57 [http-nio-8082-exec-3] WARN  org.hibernate.orm.core - HHH000502: The [deposit] property of the [com.mcotools.models.Request] entity was modified, but it won't be updated because the property is immutable.
2026-08-08 16:44:57 [http-nio-8082-exec-3] INFO  c.m.controller.RequestController - POST /api/requests - request cree avec id=174393740
2026-08-08 16:44:57 [http-nio-8082-exec-4] DEBUG c.m.controller.RequestController - POST /api/requests - creation demandee: depositId=2561751411X
2026-08-08 16:44:57 [http-nio-8082-exec-4] WARN  org.hibernate.orm.core - HHH000502: The [deposit] property of the [com.mcotools.models.Request] entity was modified, but it won't be updated because the property is immutable.
2026-08-08 16:44:57 [http-nio-8082-exec-4] INFO  c.m.controller.RequestController - POST /api/requests - request cree avec id=174397339
2026-08-08 16:44:57 [http-nio-8082-exec-6] DEBUG c.m.controller.RequestController - POST /api/requests - creation demandee: depositId=2561751123D
2026-08-08 16:44:57 [http-nio-8082-exec-6] WARN  org.hibernate.orm.core - HHH000502: The [deposit] property of the [com.mcotools.models.Request] entity was modified, but it won't be updated because the property is immutable.
2026-08-08 16:44:57 [http-nio-8082-exec-6] INFO  c.m.controller.RequestController - POST /api/requests - request cree avec id=174389870
2026-08-08 16:44:57 [http-nio-8082-exec-7] DEBUG c.m.controller.RequestController - POST /api/requests - creation demandee: depositId=2561740763E
2026-08-08 16:44:57 [http-nio-8082-exec-7] WARN  org.hibernate.orm.core - HHH000502: The [deposit] property of the [com.mcotools.models.Request] entity was modified, but it won't be updated because the property is immutable.
2026-08-08 16:44:57 [http-nio-8082-exec-7] INFO  c.m.controller.RequestController - POST /api/requests - request cree avec id=174318868
2026-08-08 16:44:57 [http-nio-8082-exec-5] DEBUG c.m.controller.RequestController - POST /api/requests - creation demandee: depositId=2561740763I
2026-08-08 16:44:57 [http-nio-8082-exec-5] WARN  org.hibernate.orm.core - HHH000502: The [deposit] property of the [com.mcotools.models.Request] entity was modified, but it won't be updated because the property is immutable.
2026-08-08 16:44:57 [http-nio-8082-exec-5] INFO  c.m.controller.RequestController - POST /api/requests - request cree avec id=174318872
2026-08-08 16:44:57 [http-nio-8082-exec-9] DEBUG c.m.controller.RequestController - POST /api/requests - creation demandee: depositId=2561751450C
2026-08-08 16:44:57 [http-nio-8082-exec-9] WARN  org.hibernate.orm.core - HHH000502: The [deposit] property of the [com.mcotools.models.Request] entity was modified, but it won't be updated because the property is immutable.
2026-08-08 16:44:57 [http-nio-8082-exec-9] INFO  c.m.controller.RequestController - POST /api/requests - request cree avec id=174398328
2026-08-08 16:44:57 [http-nio-8082-exec-8] DEBUG c.m.controller.RequestController - POST /api/requests - creation demandee: depositId=2561751604S
2026-08-08 16:44:57 [http-nio-8082-exec-8] WARN  org.hibernate.orm.core - HHH000502: The [deposit] property of the [com.mcotools.models.Request] entity was modified, but it won't be updated because the property is immutable.
2026-08-08 16:44:57 [http-nio-8082-exec-8] INFO  c.m.controller.RequestController - POST /api/requests - request cree avec id=174402358
2026-08-08 16:44:57 [http-nio-8082-exec-10] DEBUG c.m.controller.RequestController - POST /api/requests - creation demandee: depositId=2561751286N
2026-08-08 16:44:57 [http-nio-8082-exec-10] WARN  org.hibernate.orm.core - HHH000502: The [deposit] property of the [com.mcotools.models.Request] entity was modified, but it won't be updated because the property is immutable.
2026-08-08 16:44:57 [http-nio-8082-exec-10] INFO  c.m.controller.RequestController - POST /api/requests - request cree avec id=174394055
2026-08-08 16:44:57 [http-nio-8082-exec-1] DEBUG c.m.controller.RequestController - POST /api/requests - creation demandee: depositId=2561751170M
2026-08-08 16:44:57 [http-nio-8082-exec-1] WARN  org.hibernate.orm.core - HHH000502: The [deposit] property of the [com.mcotools.models.Request] entity was modified, but it won't be updated because the property is immutable.
2026-08-08 16:44:57 [http-nio-8082-exec-1] INFO  c.m.controller.RequestController - POST /api/requests - request cree avec id=174391083
2026-08-08 16:44:57 [http-nio-8082-exec-2] DEBUG c.m.controller.RequestController - POST /api/requests - creation demandee: depositId=2561751417I
2026-08-08 16:44:57 [http-nio-8082-exec-2] WARN  org.hibernate.orm.core - HHH000502: The [deposit] property of the [com.mcotools.models.Request] entity was modified, but it won't be updated because the property is immutable.
2026-08-08 16:44:57 [http-nio-8082-exec-2] INFO  c.m.controller.RequestController - POST /api/requests - request cree avec id=174397468
2026-08-08 16:44:57 [http-nio-8082-exec-3] DEBUG c.m.controller.RequestController - POST /api/requests - creation demandee: depositId=2561751627B
2026-08-08 16:44:57 [http-nio-8082-exec-3] WARN  org.hibernate.orm.core - HHH000502: The [deposit] property of the [com.mcotools.models.Request] entity was modified, but it won't be updated because the property is immutable.
2026-08-08 16:44:57 [http-nio-8082-exec-3] INFO  c.m.controller.RequestController - POST /api/requests - request cree avec id=174402939
2026-08-08 16:44:57 [http-nio-8082-exec-4] DEBUG c.m.controller.RequestController - POST /api/requests - creation demandee: depositId=2561751751D
2026-08-08 16:44:57 [http-nio-8082-exec-4] WARN  org.hibernate.orm.core - HHH000502: The [deposit] property of the [com.mcotools.models.Request] entity was modified, but it won't be updated because the property is immutable.
2026-08-08 16:44:57 [http-nio-8082-exec-4] INFO  c.m.controller.RequestController - POST /api/requests - request cree avec id=174405930
2026-08-08 16:44:57 [http-nio-8082-exec-6] DEBUG c.m.controller.RequestController - POST /api/requests - creation demandee: depositId=2561751359L
2026-08-08 16:44:57 [http-nio-8082-exec-6] WARN  org.hibernate.orm.core - HHH000502: The [deposit] property of the [com.mcotools.models.Request] entity was modified, but it won't be updated because the property is immutable.
2026-08-08 16:44:57 [http-nio-8082-exec-6] INFO  c.m.controller.RequestController - POST /api/requests - request cree avec id=174395967
2026-08-08 16:44:57 [http-nio-8082-exec-7] DEBUG c.m.controller.RequestController - POST /api/requests - creation demandee: depositId=2561752021O
2026-08-08 16:44:57 [http-nio-8082-exec-7] WARN  org.hibernate.orm.core - HHH000502: The [deposit] property of the [com.mcotools.models.Request] entity was modified, but it won't be updated because the property is immutable.
2026-08-08 16:44:57 [http-nio-8082-exec-7] INFO  c.m.controller.RequestController - POST /api/requests - request cree avec id=174413342
2026-08-08 16:44:57 [http-nio-8082-exec-5] DEBUG c.m.controller.RequestController - POST /api/requests - creation demandee: depositId=2561742190U
2026-08-08 16:44:57 [http-nio-8082-exec-5] WARN  org.hibernate.orm.core - HHH000502: The [deposit] property of the [com.mcotools.models.Request] entity was modified, but it won't be updated because the property is immutable.
2026-08-08 16:44:57 [http-nio-8082-exec-5] INFO  c.m.controller.RequestController - POST /api/requests - request cree avec id=174358548
2026-08-08 16:44:57 [http-nio-8082-exec-9] DEBUG c.m.controller.RequestController - POST /api/requests - creation demandee: depositId=2561751362C
2026-08-08 16:44:57 [http-nio-8082-exec-9] WARN  org.hibernate.orm.core - HHH000502: The [deposit] property of the [com.mcotools.models.Request] entity was modified, but it won't be updated because the property is immutable.
2026-08-08 16:44:57 [http-nio-8082-exec-9] INFO  c.m.controller.RequestController - POST /api/requests - request cree avec id=174396035
2026-08-08 16:44:57 [http-nio-8082-exec-8] DEBUG c.m.controller.RequestController - POST /api/requests - creation demandee: depositId=2561751365D
2026-08-08 16:44:57 [http-nio-8082-exec-8] WARN  org.hibernate.orm.core - HHH000502: The [deposit] property of the [com.mcotools.models.Request] entity was modified, but it won't be updated because the property is immutable.
2026-08-08 16:44:57 [http-nio-8082-exec-8] INFO  c.m.controller.RequestController - POST /api/requests - request cree avec id=174396104
2026-08-08 16:44:57 [http-nio-8082-exec-10] DEBUG c.m.controller.RequestController - POST /api/requests - creation demandee: depositId=2561751352A
2026-08-08 16:44:57 [http-nio-8082-exec-10] WARN  org.hibernate.orm.core - HHH000502: The [deposit] property of the [com.mcotools.models.Request] entity was modified, but it won't be updated because the property is immutable.
2026-08-08 16:44:57 [http-nio-8082-exec-10] INFO  c.m.controller.RequestController - POST /api/requests - request cree avec id=174395773
2026-08-08 16:44:57 [http-nio-8082-exec-1] DEBUG c.m.controller.RequestController - POST /api/requests - creation demandee: depositId=2561751371Z
2026-08-08 16:44:57 [http-nio-8082-exec-1] WARN  org.hibernate.orm.core - HHH000502: The [deposit] property of the [com.mcotools.models.Request] entity was modified, but it won't be updated because the property is immutable.
2026-08-08 16:44:57 [http-nio-8082-exec-1] INFO  c.m.controller.RequestController - POST /api/requests - request cree avec id=174396282
2026-08-08 16:44:57 [http-nio-8082-exec-2] DEBUG c.m.controller.RequestController - POST /api/requests - creation demandee: depositId=2561751373L
2026-08-08 16:44:57 [http-nio-8082-exec-2] WARN  org.hibernate.orm.core - HHH000502: The [deposit] property of the [com.mcotools.models.Request] entity was modified, but it won't be updated because the property is immutable.
2026-08-08 16:44:57 [http-nio-8082-exec-2] INFO  c.m.controller.RequestController - POST /api/requests - request cree avec id=174396320
2026-08-08 16:44:57 [http-nio-8082-exec-3] DEBUG c.m.controller.RequestController - POST /api/requests - creation demandee: depositId=2561760065U
2026-08-08 16:44:57 [http-nio-8082-exec-3] WARN  org.hibernate.orm.core - HHH000502: The [deposit] property of the [com.mcotools.models.Request] entity was modified, but it won't be updated because the property is immutable.
2026-08-08 16:44:57 [http-nio-8082-exec-3] INFO  c.m.controller.RequestController - POST /api/requests - request cree avec id=174415645
2026-08-08 16:44:57 [http-nio-8082-exec-4] DEBUG c.m.controller.RequestController - POST /api/requests - creation demandee: depositId=2561760066F
2026-08-08 16:44:57 [http-nio-8082-exec-4] WARN  org.hibernate.orm.core - HHH000502: The [deposit] property of the [com.mcotools.models.Request] entity was modified, but it won't be updated because the property is immutable.
2026-08-08 16:44:57 [http-nio-8082-exec-4] INFO  c.m.controller.RequestController - POST /api/requests - request cree avec id=174415656
2026-08-08 16:44:57 [http-nio-8082-exec-6] DEBUG c.m.controller.RequestController - POST /api/requests - creation demandee: depositId=2561760066L
2026-08-08 16:44:57 [http-nio-8082-exec-6] WARN  org.hibernate.orm.core - HHH000502: The [deposit] property of the [com.mcotools.models.Request] entity was modified, but it won't be updated because the property is immutable.
2026-08-08 16:44:57 [http-nio-8082-exec-6] INFO  c.m.controller.RequestController - POST /api/requests - request cree avec id=174415662
2026-08-08 16:44:57 [http-nio-8082-exec-7] DEBUG c.m.controller.RequestController - POST /api/requests - creation demandee: depositId=2561760066U
2026-08-08 16:44:57 [http-nio-8082-exec-7] WARN  org.hibernate.orm.core - HHH000502: The [deposit] property of the [com.mcotools.models.Request] entity was modified, but it won't be updated because the property is immutable.
2026-08-08 16:44:57 [http-nio-8082-exec-7] INFO  c.m.controller.RequestController - POST /api/requests - request cree avec id=174415671
2026-08-08 16:44:57 [http-nio-8082-exec-5] DEBUG c.m.controller.RequestController - POST /api/requests - creation demandee: depositId=2561760155Y
2026-08-08 16:44:57 [http-nio-8082-exec-5] WARN  org.hibernate.orm.core - HHH000502: The [deposit] property of the [com.mcotools.models.Request] entity was modified, but it won't be updated because the property is immutable.
2026-08-08 16:44:57 [http-nio-8082-exec-5] INFO  c.m.controller.RequestController - POST /api/requests - request cree avec id=174417874
2026-08-08 16:44:57 [http-nio-8082-exec-9] DEBUG c.m.controller.RequestController - POST /api/requests - creation demandee: depositId=2561742175D
2026-08-08 16:44:57 [http-nio-8082-exec-9] WARN  org.hibernate.orm.core - HHH000502: The [deposit] property of the [com.mcotools.models.Request] entity was modified, but it won't be updated because the property is immutable.
2026-08-08 16:44:57 [http-nio-8082-exec-9] INFO  c.m.controller.RequestController - POST /api/requests - request cree avec id=174358140
2026-08-08 16:44:57 [http-nio-8082-exec-8] DEBUG c.m.controller.RequestController - POST /api/requests - creation demandee: depositId=2561742177O
2026-08-08 16:44:57 [http-nio-8082-exec-8] WARN  org.hibernate.orm.core - HHH000502: The [deposit] property of the [com.mcotools.models.Request] entity was modified, but it won't be updated because the property is immutable.
2026-08-08 16:44:57 [http-nio-8082-exec-8] INFO  c.m.controller.RequestController - POST /api/requests - request cree avec id=174358203
2026-08-08 16:44:57 [http-nio-8082-exec-10] DEBUG c.m.controller.RequestController - POST /api/requests - creation demandee: depositId=2561742256G
2026-08-08 16:44:57 [http-nio-8082-exec-10] WARN  org.hibernate.orm.core - HHH000502: The [deposit] property of the [com.mcotools.models.Request] entity was modified, but it won't be updated because the property is immutable.
2026-08-08 16:44:57 [http-nio-8082-exec-10] INFO  c.m.controller.RequestController - POST /api/requests - request cree avec id=174360247
2026-08-08 16:44:57 [http-nio-8082-exec-1] DEBUG c.m.controller.RequestController - POST /api/requests - creation demandee: depositId=2561742258H
2026-08-08 16:44:57 [http-nio-8082-exec-1] WARN  org.hibernate.orm.core - HHH000502: The [deposit] property of the [com.mcotools.models.Request] entity was modified, but it won't be updated because the property is immutable.
2026-08-08 16:44:57 [http-nio-8082-exec-1] INFO  c.m.controller.RequestController - POST /api/requests - request cree avec id=174360299
2026-08-08 16:44:57 [http-nio-8082-exec-2] DEBUG c.m.controller.RequestController - POST /api/requests - creation demandee: depositId=2561750373M
2026-08-08 16:44:57 [http-nio-8082-exec-2] WARN  org.hibernate.orm.core - HHH000502: The [deposit] property of the [com.mcotools.models.Request] entity was modified, but it won't be updated because the property is immutable.
2026-08-08 16:44:57 [http-nio-8082-exec-2] INFO  c.m.controller.RequestController - POST /api/requests - request cree avec id=174370213
2026-08-08 16:44:57 [http-nio-8082-exec-3] DEBUG c.m.controller.RequestController - POST /api/requests - creation demandee: depositId=2561760153G
2026-08-08 16:44:57 [http-nio-8082-exec-3] WARN  org.hibernate.orm.core - HHH000502: The [deposit] property of the [com.mcotools.models.Request] entity was modified, but it won't be updated because the property is immutable.
2026-08-08 16:44:57 [http-nio-8082-exec-3] INFO  c.m.controller.RequestController - POST /api/requests - request cree avec id=174417789
2026-08-08 16:44:57 [http-nio-8082-exec-4] DEBUG c.m.controller.RequestController - POST /api/requests - creation demandee: depositId=2561760184F
2026-08-08 16:44:57 [http-nio-8082-exec-4] WARN  org.hibernate.orm.core - HHH000502: The [deposit] property of the [com.mcotools.models.Request] entity was modified, but it won't be updated because the property is immutable.
2026-08-08 16:44:57 [http-nio-8082-exec-4] INFO  c.m.controller.RequestController - POST /api/requests - request cree avec id=174418591
2026-08-08 16:44:57 [http-nio-8082-exec-6] DEBUG c.m.controller.RequestController - POST /api/requests - creation demandee: depositId=2561760185G
2026-08-08 16:44:57 [http-nio-8082-exec-6] WARN  org.hibernate.orm.core - HHH000502: The [deposit] property of the [com.mcotools.models.Request] entity was modified, but it won't be updated because the property is immutable.
2026-08-08 16:44:57 [http-nio-8082-exec-6] INFO  c.m.controller.RequestController - POST /api/requests - request cree avec id=174418618
2026-08-08 16:44:57 [http-nio-8082-exec-7] DEBUG c.m.controller.RequestController - POST /api/requests - creation demandee: depositId=2561760152E
2026-08-08 16:44:57 [http-nio-8082-exec-7] WARN  org.hibernate.orm.core - HHH000502: The [deposit] property of the [com.mcotools.models.Request] entity was modified, but it won't be updated because the property is immutable.
2026-08-08 16:44:57 [http-nio-8082-exec-7] INFO  c.m.controller.RequestController - POST /api/requests - request cree avec id=174417761
2026-08-08 16:44:57 [http-nio-8082-exec-5] DEBUG c.m.controller.RequestController - POST /api/requests - creation demandee: depositId=2561760152H
2026-08-08 16:44:57 [http-nio-8082-exec-5] WARN  org.hibernate.orm.core - HHH000502: The [deposit] property of the [com.mcotools.models.Request] entity was modified, but it won't be updated because the property is immutable.
2026-08-08 16:44:57 [http-nio-8082-exec-5] INFO  c.m.controller.RequestController - POST /api/requests - request cree avec id=174417764
2026-08-08 16:44:57 [http-nio-8082-exec-9] DEBUG c.m.controller.RequestController - POST /api/requests - creation demandee: depositId=2561760152I
2026-08-08 16:44:57 [http-nio-8082-exec-9] WARN  org.hibernate.orm.core - HHH000502: The [deposit] property of the [com.mcotools.models.Request] entity was modified, but it won't be updated because the property is immutable.
2026-08-08 16:44:57 [http-nio-8082-exec-9] INFO  c.m.controller.RequestController - POST /api/requests - request cree avec id=174417765
2026-08-08 16:44:57 [http-nio-8082-exec-8] DEBUG c.m.controller.RequestController - POST /api/requests - creation demandee: depositId=2561760152J
2026-08-08 16:44:57 [http-nio-8082-exec-8] WARN  org.hibernate.orm.core - HHH000502: The [deposit] property of the [com.mcotools.models.Request] entity was modified, but it won't be updated because the property is immutable.
2026-08-08 16:44:57 [http-nio-8082-exec-8] INFO  c.m.controller.RequestController - POST /api/requests - request cree avec id=174417766
2026-08-08 16:44:57 [http-nio-8082-exec-10] DEBUG c.m.controller.RequestController - POST /api/requests - creation demandee: depositId=2561760152K
2026-08-08 16:44:57 [http-nio-8082-exec-10] WARN  org.hibernate.orm.core - HHH000502: The [deposit] property of the [com.mcotools.models.Request] entity was modified, but it won't be updated because the property is immutable.
2026-08-08 16:44:57 [http-nio-8082-exec-10] INFO  c.m.controller.RequestController - POST /api/requests - request cree avec id=174417767
2026-08-08 16:44:57 [http-nio-8082-exec-1] DEBUG c.m.controller.RequestController - POST /api/requests - creation demandee: depositId=2561760152L
2026-08-08 16:44:57 [http-nio-8082-exec-1] WARN  org.hibernate.orm.core - HHH000502: The [deposit] property of the [com.mcotools.models.Request] entity was modified, but it won't be updated because the property is immutable.
2026-08-08 16:44:57 [http-nio-8082-exec-1] INFO  c.m.controller.RequestController - POST /api/requests - request cree avec id=174417768
2026-08-08 16:44:57 [http-nio-8082-exec-2] DEBUG c.m.controller.RequestController - POST /api/requests - creation demandee: depositId=2561760152P
2026-08-08 16:44:57 [http-nio-8082-exec-2] WARN  org.hibernate.orm.core - HHH000502: The [deposit] property of the [com.mcotools.models.Request] entity was modified, but it won't be updated because the property is immutable.
2026-08-08 16:44:57 [http-nio-8082-exec-2] INFO  c.m.controller.RequestController - POST /api/requests - request cree avec id=174417772
2026-08-08 16:44:57 [http-nio-8082-exec-3] DEBUG c.m.controller.RequestController - POST /api/requests - creation demandee: depositId=2561760152R
2026-08-08 16:44:57 [http-nio-8082-exec-3] WARN  org.hibernate.orm.core - HHH000502: The [deposit] property of the [com.mcotools.models.Request] entity was modified, but it won't be updated because the property is immutable.
2026-08-08 16:44:57 [http-nio-8082-exec-3] INFO  c.m.controller.RequestController - POST /api/requests - request cree avec id=174417774
2026-08-08 16:44:57 [http-nio-8082-exec-4] DEBUG c.m.controller.RequestController - POST /api/requests - creation demandee: depositId=2561760152W
2026-08-08 16:44:57 [http-nio-8082-exec-4] WARN  org.hibernate.orm.core - HHH000502: The [deposit] property of the [com.mcotools.models.Request] entity was modified, but it won't be updated because the property is immutable.
2026-08-08 16:44:57 [http-nio-8082-exec-4] INFO  c.m.controller.RequestController - POST /api/requests - request cree avec id=174417779
2026-08-08 16:44:57 [http-nio-8082-exec-6] DEBUG c.m.controller.RequestController - POST /api/requests - creation demandee: depositId=2561760153D
2026-08-08 16:44:57 [http-nio-8082-exec-6] WARN  org.hibernate.orm.core - HHH000502: The [deposit] property of the [com.mcotools.models.Request] entity was modified, but it won't be updated because the property is immutable.
2026-08-08 16:44:57 [http-nio-8082-exec-6] INFO  c.m.controller.RequestController - POST /api/requests - request cree avec id=174417786
2026-08-08 16:44:57 [http-nio-8082-exec-7] DEBUG c.m.controller.RequestController - POST /api/requests - creation demandee: depositId=2561760153F
2026-08-08 16:44:57 [http-nio-8082-exec-7] WARN  org.hibernate.orm.core - HHH000502: The [deposit] property of the [com.mcotools.models.Request] entity was modified, but it won't be updated because the property is immutable.
2026-08-08 16:44:57 [http-nio-8082-exec-7] INFO  c.m.controller.RequestController - POST /api/requests - request cree avec id=174417788
2026-08-08 16:44:57 [http-nio-8082-exec-5] DEBUG c.m.controller.RequestController - POST /api/requests - creation demandee: depositId=2561760153H
2026-08-08 16:44:57 [http-nio-8082-exec-5] WARN  org.hibernate.orm.core - HHH000502: The [deposit] property of the [com.mcotools.models.Request] entity was modified, but it won't be updated because the property is immutable.
2026-08-08 16:44:57 [http-nio-8082-exec-5] INFO  c.m.controller.RequestController - POST /api/requests - request cree avec id=174417790
2026-08-08 16:44:57 [http-nio-8082-exec-9] DEBUG c.m.controller.RequestController - POST /api/requests - creation demandee: depositId=2561760155L
2026-08-08 16:44:57 [http-nio-8082-exec-9] WARN  org.hibernate.orm.core - HHH000502: The [deposit] property of the [com.mcotools.models.Request] entity was modified, but it won't be updated because the property is immutable.
2026-08-08 16:44:57 [http-nio-8082-exec-9] INFO  c.m.controller.RequestController - POST /api/requests - request cree avec id=174417846
2026-08-08 16:44:57 [http-nio-8082-exec-8] DEBUG c.m.controller.RequestController - POST /api/requests - creation demandee: depositId=2561760155N
2026-08-08 16:44:57 [http-nio-8082-exec-8] WARN  org.hibernate.orm.core - HHH000502: The [deposit] property of the [com.mcotools.models.Request] entity was modified, but it won't be updated because the property is immutable.
2026-08-08 16:44:57 [http-nio-8082-exec-8] INFO  c.m.controller.RequestController - POST /api/requests - request cree avec id=174417848
2026-08-08 16:44:57 [http-nio-8082-exec-10] DEBUG c.m.controller.RequestController - POST /api/requests - creation demandee: depositId=2561760155S
2026-08-08 16:44:57 [http-nio-8082-exec-10] WARN  org.hibernate.orm.core - HHH000502: The [deposit] property of the [com.mcotools.models.Request] entity was modified, but it won't be updated because the property is immutable.
2026-08-08 16:44:57 [http-nio-8082-exec-10] INFO  c.m.controller.RequestController - POST /api/requests - request cree avec id=174417853
2026-08-08 16:44:57 [http-nio-8082-exec-1] DEBUG c.m.controller.RequestController - POST /api/requests - creation demandee: depositId=2561760155U
2026-08-08 16:44:57 [http-nio-8082-exec-1] WARN  org.hibernate.orm.core - HHH000502: The [deposit] property of the [com.mcotools.models.Request] entity was modified, but it won't be updated because the property is immutable.
2026-08-08 16:44:57 [http-nio-8082-exec-1] INFO  c.m.controller.RequestController - POST /api/requests - request cree avec id=174417855
2026-08-08 16:44:57 [http-nio-8082-exec-2] DEBUG c.m.controller.RequestController - POST /api/requests - creation demandee: depositId=2561760156M
2026-08-08 16:44:57 [http-nio-8082-exec-2] WARN  org.hibernate.orm.core - HHH000502: The [deposit] property of the [com.mcotools.models.Request] entity was modified, but it won't be updated because the property is immutable.
2026-08-08 16:44:57 [http-nio-8082-exec-2] INFO  c.m.controller.RequestController - POST /api/requests - request cree avec id=174417872
2026-08-08 16:44:57 [http-nio-8082-exec-3] DEBUG c.m.controller.RequestController - POST /api/requests - creation demandee: depositId=2561760156R
2026-08-08 16:44:57 [http-nio-8082-exec-3] WARN  org.hibernate.orm.core - HHH000502: The [deposit] property of the [com.mcotools.models.Request] entity was modified, but it won't be updated because the property is immutable.
2026-08-08 16:44:57 [http-nio-8082-exec-3] INFO  c.m.controller.RequestController - POST /api/requests - request cree avec id=174417879
2026-08-08 16:44:57 [http-nio-8082-exec-4] DEBUG c.m.controller.RequestController - POST /api/requests - creation demandee: depositId=2561760156X
2026-08-08 16:44:57 [http-nio-8082-exec-4] WARN  org.hibernate.orm.core - HHH000502: The [deposit] property of the [com.mcotools.models.Request] entity was modified, but it won't be updated because the property is immutable.
2026-08-08 16:44:57 [http-nio-8082-exec-4] INFO  c.m.controller.RequestController - POST /api/requests - request cree avec id=174417885
2026-08-08 16:44:57 [http-nio-8082-exec-6] DEBUG c.m.controller.RequestController - POST /api/requests - creation demandee: depositId=2561760157A
2026-08-08 16:44:57 [http-nio-8082-exec-6] WARN  org.hibernate.orm.core - HHH000502: The [deposit] property of the [com.mcotools.models.Request] entity was modified, but it won't be updated because the property is immutable.
2026-08-08 16:44:57 [http-nio-8082-exec-6] INFO  c.m.controller.RequestController - POST /api/requests - request cree avec id=174417888
2026-08-08 16:44:57 [http-nio-8082-exec-7] DEBUG c.m.controller.RequestController - POST /api/requests - creation demandee: depositId=2561760157G
2026-08-08 16:44:57 [http-nio-8082-exec-7] WARN  org.hibernate.orm.core - HHH000502: The [deposit] property of the [com.mcotools.models.Request] entity was modified, but it won't be updated because the property is immutable.
2026-08-08 16:44:57 [http-nio-8082-exec-7] INFO  c.m.controller.RequestController - POST /api/requests - request cree avec id=174417893
2026-08-08 16:44:57 [http-nio-8082-exec-5] DEBUG c.m.controller.RequestController - POST /api/requests - creation demandee: depositId=2561760157H
2026-08-08 16:44:57 [http-nio-8082-exec-5] WARN  org.hibernate.orm.core - HHH000502: The [deposit] property of the [com.mcotools.models.Request] entity was modified, but it won't be updated because the property is immutable.
2026-08-08 16:44:57 [http-nio-8082-exec-5] INFO  c.m.controller.RequestController - POST /api/requests - request cree avec id=174417894
2026-08-08 16:44:57 [http-nio-8082-exec-9] DEBUG c.m.controller.RequestController - POST /api/requests - creation demandee: depositId=2561760157L
2026-08-08 16:44:57 [http-nio-8082-exec-9] WARN  org.hibernate.orm.core - HHH000502: The [deposit] property of the [com.mcotools.models.Request] entity was modified, but it won't be updated because the property is immutable.
2026-08-08 16:44:57 [http-nio-8082-exec-9] INFO  c.m.controller.RequestController - POST /api/requests - request cree avec id=174417898
2026-08-08 16:44:57 [http-nio-8082-exec-8] DEBUG c.m.controller.RequestController - POST /api/requests - creation demandee: depositId=2561760157M
2026-08-08 16:44:57 [http-nio-8082-exec-8] WARN  org.hibernate.orm.core - HHH000502: The [deposit] property of the [com.mcotools.models.Request] entity was modified, but it won't be updated because the property is immutable.
2026-08-08 16:44:57 [http-nio-8082-exec-8] INFO  c.m.controller.RequestController - POST /api/requests - request cree avec id=174417899
2026-08-08 16:44:57 [http-nio-8082-exec-10] DEBUG c.m.controller.RequestController - POST /api/requests - creation demandee: depositId=2561760159G
2026-08-08 16:44:57 [http-nio-8082-exec-10] WARN  org.hibernate.orm.core - HHH000502: The [deposit] property of the [com.mcotools.models.Request] entity was modified, but it won't be updated because the property is immutable.
2026-08-08 16:44:57 [http-nio-8082-exec-10] INFO  c.m.controller.RequestController - POST /api/requests - request cree avec id=174417945
2026-08-08 16:44:57 [http-nio-8082-exec-1] DEBUG c.m.controller.RequestController - POST /api/requests - creation demandee: depositId=2561760159I
2026-08-08 16:44:57 [http-nio-8082-exec-1] WARN  org.hibernate.orm.core - HHH000502: The [deposit] property of the [com.mcotools.models.Request] entity was modified, but it won't be updated because the property is immutable.
2026-08-08 16:44:57 [http-nio-8082-exec-1] INFO  c.m.controller.RequestController - POST /api/requests - request cree avec id=174417947
2026-08-08 16:44:57 [http-nio-8082-exec-2] DEBUG c.m.controller.RequestController - POST /api/requests - creation demandee: depositId=2561760159K
2026-08-08 16:44:57 [http-nio-8082-exec-2] WARN  org.hibernate.orm.core - HHH000502: The [deposit] property of the [com.mcotools.models.Request] entity was modified, but it won't be updated because the property is immutable.
2026-08-08 16:44:57 [http-nio-8082-exec-2] INFO  c.m.controller.RequestController - POST /api/requests - request cree avec id=174417949
2026-08-08 16:44:57 [http-nio-8082-exec-3] DEBUG c.m.controller.RequestController - POST /api/requests - creation demandee: depositId=2561760159M
2026-08-08 16:44:57 [http-nio-8082-exec-3] WARN  org.hibernate.orm.core - HHH000502: The [deposit] property of the [com.mcotools.models.Request] entity was modified, but it won't be updated because the property is immutable.
2026-08-08 16:44:57 [http-nio-8082-exec-3] INFO  c.m.controller.RequestController - POST /api/requests - request cree avec id=174417951
2026-08-08 16:44:57 [http-nio-8082-exec-4] DEBUG c.m.controller.RequestController - POST /api/requests - creation demandee: depositId=2561760159P
2026-08-08 16:44:57 [http-nio-8082-exec-4] WARN  org.hibernate.orm.core - HHH000502: The [deposit] property of the [com.mcotools.models.Request] entity was modified, but it won't be updated because the property is immutable.
2026-08-08 16:44:57 [http-nio-8082-exec-4] INFO  c.m.controller.RequestController - POST /api/requests - request cree avec id=174417954
2026-08-08 16:44:57 [http-nio-8082-exec-6] DEBUG c.m.controller.RequestController - POST /api/requests - creation demandee: depositId=2561760159Q
2026-08-08 16:44:57 [http-nio-8082-exec-6] WARN  org.hibernate.orm.core - HHH000502: The [deposit] property of the [com.mcotools.models.Request] entity was modified, but it won't be updated because the property is immutable.
2026-08-08 16:44:57 [http-nio-8082-exec-6] INFO  c.m.controller.RequestController - POST /api/requests - request cree avec id=174417955
2026-08-08 16:44:57 [http-nio-8082-exec-7] DEBUG c.m.controller.RequestController - POST /api/requests - creation demandee: depositId=2561760159S
2026-08-08 16:44:57 [http-nio-8082-exec-7] WARN  org.hibernate.orm.core - HHH000502: The [deposit] property of the [com.mcotools.models.Request] entity was modified, but it won't be updated because the property is immutable.
2026-08-08 16:44:57 [http-nio-8082-exec-7] INFO  c.m.controller.RequestController - POST /api/requests - request cree avec id=174417957
2026-08-08 16:44:57 [http-nio-8082-exec-5] DEBUG c.m.controller.RequestController - POST /api/requests - creation demandee: depositId=2561760159T
2026-08-08 16:44:57 [http-nio-8082-exec-5] WARN  org.hibernate.orm.core - HHH000502: The [deposit] property of the [com.mcotools.models.Request] entity was modified, but it won't be updated because the property is immutable.
2026-08-08 16:44:57 [http-nio-8082-exec-5] INFO  c.m.controller.RequestController - POST /api/requests - request cree avec id=174417958
2026-08-08 16:44:57 [http-nio-8082-exec-9] DEBUG c.m.controller.RequestController - POST /api/requests - creation demandee: depositId=2561760159U
2026-08-08 16:44:57 [http-nio-8082-exec-9] WARN  org.hibernate.orm.core - HHH000502: The [deposit] property of the [com.mcotools.models.Request] entity was modified, but it won't be updated because the property is immutable.
2026-08-08 16:44:57 [http-nio-8082-exec-9] INFO  c.m.controller.RequestController - POST /api/requests - request cree avec id=174417959
2026-08-08 16:44:57 [http-nio-8082-exec-8] DEBUG c.m.controller.RequestController - POST /api/requests - creation demandee: depositId=2561760183B
2026-08-08 16:44:57 [http-nio-8082-exec-8] WARN  org.hibernate.orm.core - HHH000502: The [deposit] property of the [com.mcotools.models.Request] entity was modified, but it won't be updated because the property is immutable.
2026-08-08 16:44:57 [http-nio-8082-exec-8] INFO  c.m.controller.RequestController - POST /api/requests - request cree avec id=174418562
2026-08-08 16:44:57 [http-nio-8082-exec-10] DEBUG c.m.controller.RequestController - POST /api/requests - creation demandee: depositId=2561760183M
2026-08-08 16:44:57 [http-nio-8082-exec-10] WARN  org.hibernate.orm.core - HHH000502: The [deposit] property of the [com.mcotools.models.Request] entity was modified, but it won't be updated because the property is immutable.
2026-08-08 16:44:57 [http-nio-8082-exec-10] INFO  c.m.controller.RequestController - POST /api/requests - request cree avec id=174418573
2026-08-08 16:44:57 [http-nio-8082-exec-1] DEBUG c.m.controller.RequestController - POST /api/requests - creation demandee: depositId=2561760183O
2026-08-08 16:44:57 [http-nio-8082-exec-1] WARN  org.hibernate.orm.core - HHH000502: The [deposit] property of the [com.mcotools.models.Request] entity was modified, but it won't be updated because the property is immutable.
2026-08-08 16:44:57 [http-nio-8082-exec-1] INFO  c.m.controller.RequestController - POST /api/requests - request cree avec id=174418575
2026-08-08 16:44:57 [http-nio-8082-exec-2] DEBUG c.m.controller.RequestController - POST /api/requests - creation demandee: depositId=2561760183P
2026-08-08 16:44:57 [http-nio-8082-exec-2] WARN  org.hibernate.orm.core - HHH000502: The [deposit] property of the [com.mcotools.models.Request] entity was modified, but it won't be updated because the property is immutable.
2026-08-08 16:44:57 [http-nio-8082-exec-2] INFO  c.m.controller.RequestController - POST /api/requests - request cree avec id=174418576
2026-08-08 16:44:57 [http-nio-8082-exec-3] DEBUG c.m.controller.RequestController - POST /api/requests - creation demandee: depositId=2561760183S
2026-08-08 16:44:57 [http-nio-8082-exec-3] WARN  org.hibernate.orm.core - HHH000502: The [deposit] property of the [com.mcotools.models.Request] entity was modified, but it won't be updated because the property is immutable.
2026-08-08 16:44:57 [http-nio-8082-exec-3] INFO  c.m.controller.RequestController - POST /api/requests - request cree avec id=174418578
2026-08-08 16:44:57 [http-nio-8082-exec-4] DEBUG c.m.controller.RequestController - POST /api/requests - creation demandee: depositId=2561760184D
2026-08-08 16:44:57 [http-nio-8082-exec-4] WARN  org.hibernate.orm.core - HHH000502: The [deposit] property of the [com.mcotools.models.Request] entity was modified, but it won't be updated because the property is immutable.
2026-08-08 16:44:57 [http-nio-8082-exec-4] INFO  c.m.controller.RequestController - POST /api/requests - request cree avec id=174418589
2026-08-08 16:44:57 [http-nio-8082-exec-6] DEBUG c.m.controller.RequestController - POST /api/requests - creation demandee: depositId=2561760184E
2026-08-08 16:44:57 [http-nio-8082-exec-6] WARN  org.hibernate.orm.core - HHH000502: The [deposit] property of the [com.mcotools.models.Request] entity was modified, but it won't be updated because the property is immutable.
2026-08-08 16:44:57 [http-nio-8082-exec-6] INFO  c.m.controller.RequestController - POST /api/requests - request cree avec id=174418590
2026-08-08 16:44:57 [http-nio-8082-exec-7] DEBUG c.m.controller.RequestController - POST /api/requests - creation demandee: depositId=2561760184H
2026-08-08 16:44:57 [http-nio-8082-exec-7] WARN  org.hibernate.orm.core - HHH000502: The [deposit] property of the [com.mcotools.models.Request] entity was modified, but it won't be updated because the property is immutable.
2026-08-08 16:44:57 [http-nio-8082-exec-7] INFO  c.m.controller.RequestController - POST /api/requests - request cree avec id=174418593
2026-08-08 16:44:57 [http-nio-8082-exec-5] DEBUG c.m.controller.RequestController - POST /api/requests - creation demandee: depositId=2561760184K
2026-08-08 16:44:57 [http-nio-8082-exec-5] WARN  org.hibernate.orm.core - HHH000502: The [deposit] property of the [com.mcotools.models.Request] entity was modified, but it won't be updated because the property is immutable.
2026-08-08 16:44:57 [http-nio-8082-exec-5] INFO  c.m.controller.RequestController - POST /api/requests - request cree avec id=174418596
2026-08-08 16:44:57 [http-nio-8082-exec-9] DEBUG c.m.controller.RequestController - POST /api/requests - creation demandee: depositId=2561760184N
2026-08-08 16:44:57 [http-nio-8082-exec-9] WARN  org.hibernate.orm.core - HHH000502: The [deposit] property of the [com.mcotools.models.Request] entity was modified, but it won't be updated because the property is immutable.
2026-08-08 16:44:57 [http-nio-8082-exec-9] INFO  c.m.controller.RequestController - POST /api/requests - request cree avec id=174418599
2026-08-08 16:44:57 [http-nio-8082-exec-8] DEBUG c.m.controller.RequestController - POST /api/requests - creation demandee: depositId=2561760184U
2026-08-08 16:44:57 [http-nio-8082-exec-8] WARN  org.hibernate.orm.core - HHH000502: The [deposit] property of the [com.mcotools.models.Request] entity was modified, but it won't be updated because the property is immutable.
2026-08-08 16:44:57 [http-nio-8082-exec-8] INFO  c.m.controller.RequestController - POST /api/requests - request cree avec id=174418606
2026-08-08 16:44:57 [http-nio-8082-exec-10] DEBUG c.m.controller.RequestController - POST /api/requests - creation demandee: depositId=2561760184V
2026-08-08 16:44:57 [http-nio-8082-exec-10] WARN  org.hibernate.orm.core - HHH000502: The [deposit] property of the [com.mcotools.models.Request] entity was modified, but it won't be updated because the property is immutable.
2026-08-08 16:44:57 [http-nio-8082-exec-10] INFO  c.m.controller.RequestController - POST /api/requests - request cree avec id=174418607
2026-08-08 16:44:57 [http-nio-8082-exec-1] DEBUG c.m.controller.RequestController - POST /api/requests - creation demandee: depositId=2561760185A
2026-08-08 16:44:57 [http-nio-8082-exec-1] WARN  org.hibernate.orm.core - HHH000502: The [deposit] property of the [com.mcotools.models.Request] entity was modified, but it won't be updated because the property is immutable.
2026-08-08 16:44:57 [http-nio-8082-exec-1] INFO  c.m.controller.RequestController - POST /api/requests - request cree avec id=174418612
2026-08-08 16:44:57 [http-nio-8082-exec-2] DEBUG c.m.controller.RequestController - POST /api/requests - creation demandee: depositId=2561760185F
2026-08-08 16:44:57 [http-nio-8082-exec-2] WARN  org.hibernate.orm.core - HHH000502: The [deposit] property of the [com.mcotools.models.Request] entity was modified, but it won't be updated because the property is immutable.
2026-08-08 16:44:57 [http-nio-8082-exec-2] INFO  c.m.controller.RequestController - POST /api/requests - request cree avec id=174418617
2026-08-08 16:44:57 [http-nio-8082-exec-3] DEBUG c.m.controller.RequestController - POST /api/requests - creation demandee: depositId=2561760185I
2026-08-08 16:44:57 [http-nio-8082-exec-3] WARN  org.hibernate.orm.core - HHH000502: The [deposit] property of the [com.mcotools.models.Request] entity was modified, but it won't be updated because the property is immutable.
2026-08-08 16:44:57 [http-nio-8082-exec-3] INFO  c.m.controller.RequestController - POST /api/requests - request cree avec id=174418620
2026-08-08 16:44:57 [http-nio-8082-exec-4] DEBUG c.m.controller.RequestController - POST /api/requests - creation demandee: depositId=2561751772U
2026-08-08 16:44:57 [http-nio-8082-exec-4] WARN  org.hibernate.orm.core - HHH000502: The [deposit] property of the [com.mcotools.models.Request] entity was modified, but it won't be updated because the property is immutable.
2026-08-08 16:44:57 [http-nio-8082-exec-4] INFO  c.m.controller.RequestController - POST /api/requests - request cree avec id=174406905
2026-08-08 16:44:57 [http-nio-8082-exec-6] DEBUG c.m.controller.BatchController - POST /api/batches - creation demandee: 37G17503532
2026-08-08 16:44:57 [http-nio-8082-exec-6] INFO  c.m.controller.BatchController - POST /api/batches - batch cree avec id=88684985
2026-08-08 16:44:57 [http-nio-8082-exec-7] DEBUG c.m.controller.BatchController - POST /api/batches - creation demandee: 37G1750353U
2026-08-08 16:44:57 [http-nio-8082-exec-7] INFO  c.m.controller.BatchController - POST /api/batches - batch cree avec id=88685036
2026-08-08 16:44:57 [http-nio-8082-exec-5] DEBUG c.m.controller.BatchController - POST /api/batches - creation demandee: 37G1750353W
2026-08-08 16:44:57 [http-nio-8082-exec-5] INFO  c.m.controller.BatchController - POST /api/batches - batch cree avec id=88685039
2026-08-08 16:44:57 [http-nio-8082-exec-9] DEBUG c.m.controller.BatchController - POST /api/batches - creation demandee: 37G1750353V
2026-08-08 16:44:57 [http-nio-8082-exec-9] INFO  c.m.controller.BatchController - POST /api/batches - batch cree avec id=88685037
2026-08-08 16:44:57 [http-nio-8082-exec-8] DEBUG c.m.controller.BatchController - POST /api/batches - creation demandee: 37G1750353Z
2026-08-08 16:44:57 [http-nio-8082-exec-8] INFO  c.m.controller.BatchController - POST /api/batches - batch cree avec id=88685042
2026-08-08 16:44:57 [http-nio-8082-exec-10] DEBUG c.m.controller.BatchController - POST /api/batches - creation demandee: 37G1750354E
2026-08-08 16:44:57 [http-nio-8082-exec-10] INFO  c.m.controller.BatchController - POST /api/batches - batch cree avec id=88685045
2026-08-08 16:44:57 [http-nio-8082-exec-1] DEBUG c.m.controller.BatchController - POST /api/batches - creation demandee: 37G1750354G
2026-08-08 16:44:57 [http-nio-8082-exec-1] INFO  c.m.controller.BatchController - POST /api/batches - batch cree avec id=88685046
2026-08-08 16:44:57 [http-nio-8082-exec-2] DEBUG c.m.controller.BatchController - POST /api/batches - creation demandee: 37G1750354T
2026-08-08 16:44:57 [http-nio-8082-exec-2] INFO  c.m.controller.BatchController - POST /api/batches - batch cree avec id=88685065
2026-08-08 16:44:57 [http-nio-8082-exec-3] DEBUG c.m.controller.BatchController - POST /api/batches - creation demandee: 37G1750354U
2026-08-08 16:44:57 [http-nio-8082-exec-3] INFO  c.m.controller.BatchController - POST /api/batches - batch cree avec id=88685111
2026-08-08 16:44:57 [http-nio-8082-exec-4] DEBUG c.m.controller.BatchController - POST /api/batches - creation demandee: 37G1750354V
2026-08-08 16:44:57 [http-nio-8082-exec-4] INFO  c.m.controller.BatchController - POST /api/batches - batch cree avec id=88685112
2026-08-08 16:44:57 [http-nio-8082-exec-6] DEBUG c.m.controller.BatchController - POST /api/batches - creation demandee: 37G17503612
2026-08-08 16:44:57 [http-nio-8082-exec-6] INFO  c.m.controller.BatchController - POST /api/batches - batch cree avec id=88685113
2026-08-08 16:44:57 [http-nio-8082-exec-7] DEBUG c.m.controller.BatchController - POST /api/batches - creation demandee: 37G1750380Y
2026-08-08 16:44:57 [http-nio-8082-exec-7] INFO  c.m.controller.BatchController - POST /api/batches - batch cree avec id=88685221
2026-08-08 16:44:57 [http-nio-8082-exec-5] DEBUG c.m.controller.BatchController - POST /api/batches - creation demandee: 37G1750382U
2026-08-08 16:44:57 [http-nio-8082-exec-5] INFO  c.m.controller.BatchController - POST /api/batches - batch cree avec id=88685222
2026-08-08 16:44:57 [http-nio-8082-exec-9] DEBUG c.m.controller.BatchController - POST /api/batches - creation demandee: 37G1750386W
2026-08-08 16:44:57 [http-nio-8082-exec-9] INFO  c.m.controller.BatchController - POST /api/batches - batch cree avec id=88685231
2026-08-08 16:44:57 [http-nio-8082-exec-8] DEBUG c.m.controller.BatchController - POST /api/batches - creation demandee: 37G1750388U
2026-08-08 16:44:57 [http-nio-8082-exec-8] INFO  c.m.controller.BatchController - POST /api/batches - batch cree avec id=88685564
2026-08-08 16:44:57 [http-nio-8082-exec-10] DEBUG c.m.controller.BatchController - POST /api/batches - creation demandee: 37G1750389M
2026-08-08 16:44:57 [http-nio-8082-exec-10] INFO  c.m.controller.BatchController - POST /api/batches - batch cree avec id=88685668
2026-08-08 16:44:57 [http-nio-8082-exec-1] DEBUG c.m.controller.BatchController - POST /api/batches - creation demandee: 37G1750390E
2026-08-08 16:44:57 [http-nio-8082-exec-1] INFO  c.m.controller.BatchController - POST /api/batches - batch cree avec id=88685734
2026-08-08 16:44:57 [http-nio-8082-exec-2] DEBUG c.m.controller.BatchController - POST /api/batches - creation demandee: 37G1750390F
2026-08-08 16:44:57 [http-nio-8082-exec-2] INFO  c.m.controller.BatchController - POST /api/batches - batch cree avec id=88685735
2026-08-08 16:44:57 [http-nio-8082-exec-3] DEBUG c.m.controller.BatchController - POST /api/batches - creation demandee: 37G17503915
2026-08-08 16:44:57 [http-nio-8082-exec-3] INFO  c.m.controller.BatchController - POST /api/batches - batch cree avec id=88685766
2026-08-08 16:44:57 [http-nio-8082-exec-4] DEBUG c.m.controller.BatchController - POST /api/batches - creation demandee: 37G17504049
2026-08-08 16:44:57 [http-nio-8082-exec-4] INFO  c.m.controller.BatchController - POST /api/batches - batch cree avec id=88685998
2026-08-08 16:44:57 [http-nio-8082-exec-6] DEBUG c.m.controller.BatchController - POST /api/batches - creation demandee: 37G1750408A
2026-08-08 16:44:57 [http-nio-8082-exec-6] INFO  c.m.controller.BatchController - POST /api/batches - batch cree avec id=88685997
2026-08-08 16:44:57 [http-nio-8082-exec-7] DEBUG c.m.controller.BatchController - POST /api/batches - creation demandee: 37G1750408B
2026-08-08 16:44:57 [http-nio-8082-exec-7] INFO  c.m.controller.BatchController - POST /api/batches - batch cree avec id=88686031
2026-08-08 16:44:57 [http-nio-8082-exec-5] DEBUG c.m.controller.BatchController - POST /api/batches - creation demandee: 37G1750408K
2026-08-08 16:44:57 [http-nio-8082-exec-5] INFO  c.m.controller.BatchController - POST /api/batches - batch cree avec id=88686106
2026-08-08 16:44:57 [http-nio-8082-exec-9] DEBUG c.m.controller.BatchController - POST /api/batches - creation demandee: 37G1750408L
2026-08-08 16:44:57 [http-nio-8082-exec-9] INFO  c.m.controller.BatchController - POST /api/batches - batch cree avec id=88686128
2026-08-08 16:44:57 [http-nio-8082-exec-8] DEBUG c.m.controller.BatchController - POST /api/batches - creation demandee: 37G1750408N
2026-08-08 16:44:57 [http-nio-8082-exec-8] INFO  c.m.controller.BatchController - POST /api/batches - batch cree avec id=88686127
2026-08-08 16:44:57 [http-nio-8082-exec-10] DEBUG c.m.controller.BatchController - POST /api/batches - creation demandee: 37G1750408M
2026-08-08 16:44:57 [http-nio-8082-exec-10] INFO  c.m.controller.BatchController - POST /api/batches - batch cree avec id=88686126
2026-08-08 16:44:57 [http-nio-8082-exec-1] DEBUG c.m.controller.BatchController - POST /api/batches - creation demandee: 37G1750408O
2026-08-08 16:44:57 [http-nio-8082-exec-1] INFO  c.m.controller.BatchController - POST /api/batches - batch cree avec id=88686129
2026-08-08 16:44:57 [http-nio-8082-exec-2] DEBUG c.m.controller.BatchController - POST /api/batches - creation demandee: 37G1750415D
2026-08-08 16:44:57 [http-nio-8082-exec-2] INFO  c.m.controller.BatchController - POST /api/batches - batch cree avec id=88686130
2026-08-08 16:44:57 [http-nio-8082-exec-3] DEBUG c.m.controller.BatchController - POST /api/batches - creation demandee: 37G1750418B
2026-08-08 16:44:57 [http-nio-8082-exec-3] INFO  c.m.controller.BatchController - POST /api/batches - batch cree avec id=88686137
2026-08-08 16:44:57 [http-nio-8082-exec-4] DEBUG c.m.controller.BatchController - POST /api/batches - creation demandee: 37G1750418J
2026-08-08 16:44:57 [http-nio-8082-exec-4] INFO  c.m.controller.BatchController - POST /api/batches - batch cree avec id=88686148
2026-08-08 16:44:57 [http-nio-8082-exec-6] DEBUG c.m.controller.BatchController - POST /api/batches - creation demandee: 37G17504197
2026-08-08 16:44:57 [http-nio-8082-exec-6] INFO  c.m.controller.BatchController - POST /api/batches - batch cree avec id=88686265
2026-08-08 16:44:57 [http-nio-8082-exec-7] DEBUG c.m.controller.BatchController - POST /api/batches - creation demandee: 37G1750419F
2026-08-08 16:44:57 [http-nio-8082-exec-7] INFO  c.m.controller.BatchController - POST /api/batches - batch cree avec id=88686318
2026-08-08 16:44:57 [http-nio-8082-exec-5] DEBUG c.m.controller.BatchController - POST /api/batches - creation demandee: 37G17504239
2026-08-08 16:44:57 [http-nio-8082-exec-5] INFO  c.m.controller.BatchController - POST /api/batches - batch cree avec id=88686416
2026-08-08 16:44:57 [http-nio-8082-exec-9] DEBUG c.m.controller.BatchController - POST /api/batches - creation demandee: 37G17504238
2026-08-08 16:44:57 [http-nio-8082-exec-9] INFO  c.m.controller.BatchController - POST /api/batches - batch cree avec id=88686413
2026-08-08 16:44:57 [http-nio-8082-exec-8] DEBUG c.m.controller.BatchController - POST /api/batches - creation demandee: 37G1750423A
2026-08-08 16:44:57 [http-nio-8082-exec-8] INFO  c.m.controller.BatchController - POST /api/batches - batch cree avec id=88686415
2026-08-08 16:44:57 [http-nio-8082-exec-10] DEBUG c.m.controller.BatchController - POST /api/batches - creation demandee: 37G17504241
2026-08-08 16:44:57 [http-nio-8082-exec-10] INFO  c.m.controller.BatchController - POST /api/batches - batch cree avec id=88686445
2026-08-08 16:44:57 [http-nio-8082-exec-1] DEBUG c.m.controller.BatchController - POST /api/batches - creation demandee: 37G17504242
2026-08-08 16:44:57 [http-nio-8082-exec-1] INFO  c.m.controller.BatchController - POST /api/batches - batch cree avec id=88686441
2026-08-08 16:44:57 [http-nio-8082-exec-2] DEBUG c.m.controller.BatchController - POST /api/batches - creation demandee: 37G17504243
2026-08-08 16:44:57 [http-nio-8082-exec-2] INFO  c.m.controller.BatchController - POST /api/batches - batch cree avec id=88686431
2026-08-08 16:44:58 [http-nio-8082-exec-3] DEBUG c.m.controller.BatchController - POST /api/batches - creation demandee: 37G17504245
2026-08-08 16:44:58 [http-nio-8082-exec-3] INFO  c.m.controller.BatchController - POST /api/batches - batch cree avec id=88686417
2026-08-08 16:44:58 [http-nio-8082-exec-4] DEBUG c.m.controller.BatchController - POST /api/batches - creation demandee: 37G17504246
2026-08-08 16:44:58 [http-nio-8082-exec-4] INFO  c.m.controller.BatchController - POST /api/batches - batch cree avec id=88686418
2026-08-08 16:44:58 [http-nio-8082-exec-6] DEBUG c.m.controller.BatchController - POST /api/batches - creation demandee: 37G1750424C
2026-08-08 16:44:58 [http-nio-8082-exec-6] INFO  c.m.controller.BatchController - POST /api/batches - batch cree avec id=88686456
2026-08-08 16:44:58 [http-nio-8082-exec-7] DEBUG c.m.controller.BatchController - POST /api/batches - creation demandee: 37G1750424D
2026-08-08 16:44:58 [http-nio-8082-exec-7] INFO  c.m.controller.BatchController - POST /api/batches - batch cree avec id=88686455
2026-08-08 16:44:58 [http-nio-8082-exec-5] DEBUG c.m.controller.BatchController - POST /api/batches - creation demandee: 37G1750424E
2026-08-08 16:44:58 [http-nio-8082-exec-5] INFO  c.m.controller.BatchController - POST /api/batches - batch cree avec id=88686327
2026-08-08 16:44:58 [http-nio-8082-exec-9] DEBUG c.m.controller.BatchController - POST /api/batches - creation demandee: 37G1750430O
2026-08-08 16:44:58 [http-nio-8082-exec-9] INFO  c.m.controller.BatchController - POST /api/batches - batch cree avec id=88686419
2026-08-08 16:44:58 [http-nio-8082-exec-8] DEBUG c.m.controller.BatchController - POST /api/batches - creation demandee: 37G1750435J
2026-08-08 16:44:58 [http-nio-8082-exec-8] INFO  c.m.controller.BatchController - POST /api/batches - batch cree avec id=88686447
2026-08-08 16:44:58 [http-nio-8082-exec-10] DEBUG c.m.controller.BatchController - POST /api/batches - creation demandee: 37G17504363
2026-08-08 16:44:58 [http-nio-8082-exec-10] INFO  c.m.controller.BatchController - POST /api/batches - batch cree avec id=88686443
2026-08-08 16:44:58 [http-nio-8082-exec-1] DEBUG c.m.controller.BatchController - POST /api/batches - creation demandee: 37G1750443L
2026-08-08 16:44:58 [http-nio-8082-exec-1] INFO  c.m.controller.BatchController - POST /api/batches - batch cree avec id=88686457
2026-08-08 16:44:58 [http-nio-8082-exec-2] DEBUG c.m.controller.BatchController - POST /api/batches - creation demandee: 37G17504445
2026-08-08 16:44:58 [http-nio-8082-exec-2] INFO  c.m.controller.BatchController - POST /api/batches - batch cree avec id=88686459
2026-08-08 16:44:58 [http-nio-8082-exec-3] DEBUG c.m.controller.BatchController - POST /api/batches - creation demandee: 37G1750445J
2026-08-08 16:44:58 [http-nio-8082-exec-3] INFO  c.m.controller.BatchController - POST /api/batches - batch cree avec id=88686880
2026-08-08 16:44:58 [http-nio-8082-exec-4] DEBUG c.m.controller.BatchController - POST /api/batches - creation demandee: 37G1750450E
2026-08-08 16:44:58 [http-nio-8082-exec-4] INFO  c.m.controller.BatchController - POST /api/batches - batch cree avec id=88686878
2026-08-08 16:44:58 [http-nio-8082-exec-6] DEBUG c.m.controller.BatchController - POST /api/batches - creation demandee: 37G1750450F
2026-08-08 16:44:58 [http-nio-8082-exec-6] INFO  c.m.controller.BatchController - POST /api/batches - batch cree avec id=88686879
2026-08-08 16:44:58 [http-nio-8082-exec-7] DEBUG c.m.controller.BatchController - POST /api/batches - creation demandee: 37G1750450G
2026-08-08 16:44:58 [http-nio-8082-exec-7] INFO  c.m.controller.BatchController - POST /api/batches - batch cree avec id=88686881
2026-08-08 16:44:58 [http-nio-8082-exec-5] DEBUG c.m.controller.BatchController - POST /api/batches - creation demandee: 37G1750450H
2026-08-08 16:44:58 [http-nio-8082-exec-5] INFO  c.m.controller.BatchController - POST /api/batches - batch cree avec id=88686898
2026-08-08 16:44:58 [http-nio-8082-exec-9] DEBUG c.m.controller.BatchController - POST /api/batches - creation demandee: 37G1750452C
2026-08-08 16:44:58 [http-nio-8082-exec-9] INFO  c.m.controller.BatchController - POST /api/batches - batch cree avec id=88686964
2026-08-08 16:44:58 [http-nio-8082-exec-8] DEBUG c.m.controller.BatchController - POST /api/batches - creation demandee: 37G17504553
2026-08-08 16:44:58 [http-nio-8082-exec-8] INFO  c.m.controller.BatchController - POST /api/batches - batch cree avec id=88687035
2026-08-08 16:44:58 [http-nio-8082-exec-10] DEBUG c.m.controller.BatchController - POST /api/batches - creation demandee: 37G1750458T
2026-08-08 16:44:58 [http-nio-8082-exec-10] INFO  c.m.controller.BatchController - POST /api/batches - batch cree avec id=88687150
2026-08-08 16:44:58 [http-nio-8082-exec-1] DEBUG c.m.controller.BatchController - POST /api/batches - creation demandee: 37G1750462X
2026-08-08 16:44:58 [http-nio-8082-exec-1] INFO  c.m.controller.BatchController - POST /api/batches - batch cree avec id=88687197
2026-08-08 16:44:58 [http-nio-8082-exec-2] DEBUG c.m.controller.BatchController - POST /api/batches - creation demandee: 37G1750463J
2026-08-08 16:44:58 [http-nio-8082-exec-2] INFO  c.m.controller.BatchController - POST /api/batches - batch cree avec id=88687219
2026-08-08 16:44:58 [http-nio-8082-exec-3] DEBUG c.m.controller.BatchController - POST /api/batches - creation demandee: 37G1750465Q
2026-08-08 16:44:58 [http-nio-8082-exec-3] INFO  c.m.controller.BatchController - POST /api/batches - batch cree avec id=88687252
2026-08-08 16:44:58 [http-nio-8082-exec-4] DEBUG c.m.controller.BatchController - POST /api/batches - creation demandee: 37G1750466O
2026-08-08 16:44:58 [http-nio-8082-exec-4] INFO  c.m.controller.BatchController - POST /api/batches - batch cree avec id=88687299
2026-08-08 16:44:58 [http-nio-8082-exec-6] DEBUG c.m.controller.BatchController - POST /api/batches - creation demandee: 37G17504690
2026-08-08 16:44:58 [http-nio-8082-exec-6] INFO  c.m.controller.BatchController - POST /api/batches - batch cree avec id=88687321
2026-08-08 16:44:58 [http-nio-8082-exec-7] DEBUG c.m.controller.BatchController - POST /api/batches - creation demandee: 37G1750470N
2026-08-08 16:44:58 [http-nio-8082-exec-7] INFO  c.m.controller.BatchController - POST /api/batches - batch cree avec id=88687368
2026-08-08 16:44:58 [http-nio-8082-exec-5] DEBUG c.m.controller.BatchController - POST /api/batches - creation demandee: 37G1750470Y
2026-08-08 16:44:58 [http-nio-8082-exec-5] INFO  c.m.controller.BatchController - POST /api/batches - batch cree avec id=88687383
2026-08-08 16:44:58 [http-nio-8082-exec-9] DEBUG c.m.controller.BatchController - POST /api/batches - creation demandee: 37G17504747
2026-08-08 16:44:58 [http-nio-8082-exec-9] INFO  c.m.controller.BatchController - POST /api/batches - batch cree avec id=88687418
2026-08-08 16:44:58 [http-nio-8082-exec-8] DEBUG c.m.controller.BatchController - POST /api/batches - creation demandee: 37G1750474M
2026-08-08 16:44:58 [http-nio-8082-exec-8] INFO  c.m.controller.BatchController - POST /api/batches - batch cree avec id=88687289
2026-08-08 16:44:58 [http-nio-8082-exec-10] DEBUG c.m.controller.BatchController - POST /api/batches - creation demandee: 37G1750474N
2026-08-08 16:44:58 [http-nio-8082-exec-10] INFO  c.m.controller.BatchController - POST /api/batches - batch cree avec id=88687485
2026-08-08 16:44:58 [http-nio-8082-exec-1] DEBUG c.m.controller.BatchController - POST /api/batches - creation demandee: 37G17504752
2026-08-08 16:44:58 [http-nio-8082-exec-1] INFO  c.m.controller.BatchController - POST /api/batches - batch cree avec id=88687503
2026-08-08 16:44:58 [http-nio-8082-exec-2] DEBUG c.m.controller.BatchController - POST /api/batches - creation demandee: 37G1750475P
2026-08-08 16:44:58 [http-nio-8082-exec-2] INFO  c.m.controller.BatchController - POST /api/batches - batch cree avec id=88687508
2026-08-08 16:44:58 [http-nio-8082-exec-3] DEBUG c.m.controller.BatchController - POST /api/batches - creation demandee: 37G1750475Y
2026-08-08 16:44:58 [http-nio-8082-exec-3] INFO  c.m.controller.BatchController - POST /api/batches - batch cree avec id=88687533
2026-08-08 16:44:58 [http-nio-8082-exec-4] DEBUG c.m.controller.BatchController - POST /api/batches - creation demandee: 37G1750476K
2026-08-08 16:44:58 [http-nio-8082-exec-4] INFO  c.m.controller.BatchController - POST /api/batches - batch cree avec id=88687547
2026-08-08 16:44:58 [http-nio-8082-exec-6] DEBUG c.m.controller.BatchController - POST /api/batches - creation demandee: 37G1750476J
2026-08-08 16:44:58 [http-nio-8082-exec-6] INFO  c.m.controller.BatchController - POST /api/batches - batch cree avec id=88687553
2026-08-08 16:44:58 [http-nio-8082-exec-7] DEBUG c.m.controller.BatchController - POST /api/batches - creation demandee: 37G1750476Z
2026-08-08 16:44:58 [http-nio-8082-exec-7] INFO  c.m.controller.BatchController - POST /api/batches - batch cree avec id=88687569
2026-08-08 16:44:58 [http-nio-8082-exec-5] DEBUG c.m.controller.BatchController - POST /api/batches - creation demandee: 37G17504778
2026-08-08 16:44:58 [http-nio-8082-exec-5] INFO  c.m.controller.BatchController - POST /api/batches - batch cree avec id=88687576
2026-08-08 16:44:58 [http-nio-8082-exec-9] DEBUG c.m.controller.BatchController - POST /api/batches - creation demandee: 37G1750478Q
2026-08-08 16:44:58 [http-nio-8082-exec-9] INFO  c.m.controller.BatchController - POST /api/batches - batch cree avec id=88687590
2026-08-08 16:44:58 [http-nio-8082-exec-8] DEBUG c.m.controller.BatchController - POST /api/batches - creation demandee: 37G17504797
2026-08-08 16:44:58 [http-nio-8082-exec-8] INFO  c.m.controller.BatchController - POST /api/batches - batch cree avec id=88687625
2026-08-08 16:44:58 [http-nio-8082-exec-10] DEBUG c.m.controller.BatchController - POST /api/batches - creation demandee: 37G1750479G
2026-08-08 16:44:58 [http-nio-8082-exec-10] INFO  c.m.controller.BatchController - POST /api/batches - batch cree avec id=88687639
2026-08-08 16:44:58 [http-nio-8082-exec-1] DEBUG c.m.controller.BatchController - POST /api/batches - creation demandee: 37G1750481T
2026-08-08 16:44:58 [http-nio-8082-exec-1] INFO  c.m.controller.BatchController - POST /api/batches - batch cree avec id=88687651
2026-08-08 16:44:58 [http-nio-8082-exec-2] DEBUG c.m.controller.BatchController - POST /api/batches - creation demandee: 37G17504824
2026-08-08 16:44:58 [http-nio-8082-exec-2] INFO  c.m.controller.BatchController - POST /api/batches - batch cree avec id=88687659
2026-08-08 16:44:58 [http-nio-8082-exec-3] DEBUG c.m.controller.BatchController - POST /api/batches - creation demandee: 37G17504875
2026-08-08 16:44:58 [http-nio-8082-exec-3] INFO  c.m.controller.BatchController - POST /api/batches - batch cree avec id=88687716
2026-08-08 16:44:58 [http-nio-8082-exec-4] DEBUG c.m.controller.BatchController - POST /api/batches - creation demandee: 37G17504894
2026-08-08 16:44:58 [http-nio-8082-exec-4] INFO  c.m.controller.BatchController - POST /api/batches - batch cree avec id=88687723
2026-08-08 16:44:58 [http-nio-8082-exec-6] DEBUG c.m.controller.BatchController - POST /api/batches - creation demandee: 37G1750535E
2026-08-08 16:44:58 [http-nio-8082-exec-6] INFO  c.m.controller.BatchController - POST /api/batches - batch cree avec id=88688680
2026-08-08 16:44:58 [http-nio-8082-exec-7] DEBUG c.m.controller.BatchController - POST /api/batches - creation demandee: 37G17600003
2026-08-08 16:44:58 [http-nio-8082-exec-7] INFO  c.m.controller.BatchController - POST /api/batches - batch cree avec id=88688762
2026-08-08 16:44:58 [http-nio-8082-exec-5] DEBUG c.m.controller.BatchController - POST /api/batches - creation demandee: 37G17600002
2026-08-08 16:44:58 [http-nio-8082-exec-5] INFO  c.m.controller.BatchController - POST /api/batches - batch cree avec id=88688764
2026-08-08 16:44:58 [http-nio-8082-exec-9] DEBUG c.m.controller.BatchController - POST /api/batches - creation demandee: 37G17600004
2026-08-08 16:44:58 [http-nio-8082-exec-9] INFO  c.m.controller.BatchController - POST /api/batches - batch cree avec id=88688765
2026-08-08 16:44:58 [http-nio-8082-exec-8] DEBUG c.m.controller.BatchController - POST /api/batches - creation demandee: 37G17600001
2026-08-08 16:44:58 [http-nio-8082-exec-8] INFO  c.m.controller.BatchController - POST /api/batches - batch cree avec id=88688763
2026-08-08 16:44:58 [http-nio-8082-exec-10] DEBUG c.m.controller.BatchController - POST /api/batches - creation demandee: 37G17600005
2026-08-08 16:44:58 [http-nio-8082-exec-10] INFO  c.m.controller.BatchController - POST /api/batches - batch cree avec id=88688766
2026-08-08 16:44:58 [http-nio-8082-exec-1] DEBUG c.m.controller.BatchController - POST /api/batches - creation demandee: 37G17600006
2026-08-08 16:44:58 [http-nio-8082-exec-1] INFO  c.m.controller.BatchController - POST /api/batches - batch cree avec id=88688767
2026-08-08 16:44:58 [http-nio-8082-exec-2] DEBUG c.m.controller.BatchController - POST /api/batches - creation demandee: 37G1760000I
2026-08-08 16:44:58 [http-nio-8082-exec-2] INFO  c.m.controller.BatchController - POST /api/batches - batch cree avec id=88688758
2026-08-08 16:44:58 [http-nio-8082-exec-3] DEBUG c.m.controller.BatchController - POST /api/batches - creation demandee: 37G1760000H
2026-08-08 16:44:58 [http-nio-8082-exec-3] INFO  c.m.controller.BatchController - POST /api/batches - batch cree avec id=88688757
2026-08-08 16:44:58 [http-nio-8082-exec-4] DEBUG c.m.controller.BatchController - POST /api/batches - creation demandee: 37G1760000J
2026-08-08 16:44:58 [http-nio-8082-exec-4] INFO  c.m.controller.BatchController - POST /api/batches - batch cree avec id=88688759
2026-08-08 16:44:58 [http-nio-8082-exec-6] DEBUG c.m.controller.BatchController - POST /api/batches - creation demandee: 37G1760000L
2026-08-08 16:44:58 [http-nio-8082-exec-6] INFO  c.m.controller.BatchController - POST /api/batches - batch cree avec id=88688768
2026-08-08 16:44:58 [http-nio-8082-exec-7] DEBUG c.m.controller.BatchController - POST /api/batches - creation demandee: 37G1760000K
2026-08-08 16:44:58 [http-nio-8082-exec-7] INFO  c.m.controller.BatchController - POST /api/batches - batch cree avec id=88688760
2026-08-08 16:44:58 [http-nio-8082-exec-5] DEBUG c.m.controller.BatchController - POST /api/batches - creation demandee: 37G1760000M
2026-08-08 16:44:58 [http-nio-8082-exec-5] INFO  c.m.controller.BatchController - POST /api/batches - batch cree avec id=88688761
2026-08-08 16:44:58 [http-nio-8082-exec-9] DEBUG c.m.controller.BatchController - POST /api/batches - creation demandee: 37G1760000N
2026-08-08 16:44:58 [http-nio-8082-exec-9] INFO  c.m.controller.BatchController - POST /api/batches - batch cree avec id=88688769
2026-08-08 16:44:58 [http-nio-8082-exec-8] DEBUG c.m.controller.BatchController - POST /api/batches - creation demandee: 37G1760021N
2026-08-08 16:44:58 [http-nio-8082-exec-8] INFO  c.m.controller.BatchController - POST /api/batches - batch cree avec id=88689211
2026-08-08 16:44:58 [http-nio-8082-exec-10] DEBUG c.m.controller.BatchController - POST /api/batches - creation demandee: 37G1760021S
2026-08-08 16:44:58 [http-nio-8082-exec-10] INFO  c.m.controller.BatchController - POST /api/batches - batch cree avec id=88689205
2026-08-08 16:44:58 [http-nio-8082-exec-1] DEBUG c.m.controller.BatchController - POST /api/batches - creation demandee: 37G1760021T
2026-08-08 16:44:58 [http-nio-8082-exec-1] INFO  c.m.controller.BatchController - POST /api/batches - batch cree avec id=88689206
2026-08-08 16:44:58 [http-nio-8082-exec-2] DEBUG c.m.controller.BatchController - POST /api/batches - creation demandee: 37G17600224
2026-08-08 16:44:58 [http-nio-8082-exec-2] INFO  c.m.controller.BatchController - POST /api/batches - batch cree avec id=88689213
2026-08-08 16:44:58 [http-nio-8082-exec-3] DEBUG c.m.controller.BatchController - POST /api/batches - creation demandee: 37G17600220
2026-08-08 16:44:58 [http-nio-8082-exec-3] INFO  c.m.controller.BatchController - POST /api/batches - batch cree avec id=88689209
2026-08-08 16:44:58 [http-nio-8082-exec-4] DEBUG c.m.controller.BatchController - POST /api/batches - creation demandee: 37G17600222
2026-08-08 16:44:58 [http-nio-8082-exec-4] INFO  c.m.controller.BatchController - POST /api/batches - batch cree avec id=88689210
2026-08-08 16:44:58 [http-nio-8082-exec-6] DEBUG c.m.controller.BatchController - POST /api/batches - creation demandee: 37G17600221
2026-08-08 16:44:58 [http-nio-8082-exec-6] INFO  c.m.controller.BatchController - POST /api/batches - batch cree avec id=88689208
2026-08-08 16:44:58 [http-nio-8082-exec-7] DEBUG c.m.controller.BatchController - POST /api/batches - creation demandee: 37G17600226
2026-08-08 16:44:58 [http-nio-8082-exec-7] INFO  c.m.controller.BatchController - POST /api/batches - batch cree avec id=88689215
2026-08-08 16:44:58 [http-nio-8082-exec-5] DEBUG c.m.controller.BatchController - POST /api/batches - creation demandee: 37G17600227
2026-08-08 16:44:58 [http-nio-8082-exec-5] INFO  c.m.controller.BatchController - POST /api/batches - batch cree avec id=88689216
2026-08-08 16:44:58 [http-nio-8082-exec-9] DEBUG c.m.controller.BatchController - POST /api/batches - creation demandee: 37G17600228
2026-08-08 16:44:58 [http-nio-8082-exec-9] INFO  c.m.controller.BatchController - POST /api/batches - batch cree avec id=88689217
2026-08-08 16:44:58 [http-nio-8082-exec-8] DEBUG c.m.controller.BatchController - POST /api/batches - creation demandee: 37G1740340G
2026-08-08 16:44:58 [http-nio-8082-exec-8] INFO  c.m.controller.BatchController - POST /api/batches - batch cree avec id=88673766
2026-08-08 16:44:58 [http-nio-8082-exec-10] DEBUG c.m.controller.BatchController - POST /api/batches - creation demandee: 37G17404609
2026-08-08 16:44:58 [http-nio-8082-exec-10] INFO  c.m.controller.BatchController - POST /api/batches - batch cree avec id=88676245
2026-08-08 16:44:58 [http-nio-8082-exec-1] DEBUG c.m.controller.BatchController - POST /api/batches - creation demandee: 37G1750081K
2026-08-08 16:44:58 [http-nio-8082-exec-1] INFO  c.m.controller.BatchController - POST /api/batches - batch cree avec id=88679583
2026-08-08 16:44:58 [http-nio-8082-exec-2] DEBUG c.m.controller.BatchController - POST /api/batches - creation demandee: 37G17503527
2026-08-08 16:44:58 [http-nio-8082-exec-2] INFO  c.m.controller.BatchController - POST /api/batches - batch cree avec id=88685040
2026-08-08 16:44:58 [http-nio-8082-exec-3] DEBUG c.m.controller.BatchController - POST /api/batches - creation demandee: 37G1750121R
2026-08-08 16:44:58 [http-nio-8082-exec-3] INFO  c.m.controller.BatchController - POST /api/batches - batch cree avec id=88680405
2026-08-08 16:44:58 [http-nio-8082-exec-4] DEBUG c.m.controller.BatchController - POST /api/batches - creation demandee: 37G1760026W
2026-08-08 16:44:58 [http-nio-8082-exec-4] INFO  c.m.controller.BatchController - POST /api/batches - batch cree avec id=88689313
2026-08-08 16:44:58 [http-nio-8082-exec-6] DEBUG c.m.controller.BatchController - POST /api/batches - creation demandee: 37G17600426
2026-08-08 16:44:58 [http-nio-8082-exec-6] INFO  c.m.controller.BatchController - POST /api/batches - batch cree avec id=88689691
2026-08-08 16:44:58 [http-nio-8082-exec-7] DEBUG c.m.controller.BatchController - POST /api/batches - creation demandee: 37G17503213
2026-08-08 16:44:58 [http-nio-8082-exec-7] INFO  c.m.controller.BatchController - POST /api/batches - batch cree avec id=88684312
2026-08-08 16:44:58 [http-nio-8082-exec-5] DEBUG c.m.controller.BatchController - POST /api/batches - creation demandee: 37G17501867
2026-08-08 16:44:58 [http-nio-8082-exec-5] INFO  c.m.controller.BatchController - POST /api/batches - batch cree avec id=88681661
2026-08-08 16:44:58 [http-nio-8082-exec-9] DEBUG c.m.controller.DepositController - POST /api/deposits - creation demandee: franceequipement.lallemand     ZCOU
2026-08-08 16:44:58 [http-nio-8082-exec-9] INFO  c.m.controller.DepositController - POST /api/deposits - deposit cree avec id=2561751504I
2026-08-08 16:44:58 [http-nio-8082-exec-8] DEBUG c.m.controller.DepositController - POST /api/deposits - creation demandee: MULTI-IMPACT.BACKOFFICE        COU
2026-08-08 16:44:58 [http-nio-8082-exec-8] INFO  c.m.controller.DepositController - POST /api/deposits - deposit cree avec id=2561760035N
